p_val,avg_log2FC,pct.1,pct.2,p_val_adj,cluster,gene
3.02540371512598e-10,1.91093832662519,1,1,4.35264832495175e-06,0,Ctgf
2.21084018564356e-08,1.29667660512391,1,1,0.000318073577508539,0,Prss23
7.35989243038967e-07,1.02079976580771,1,1,0.0105886772396016,0,Cpe
1.14082483341099e-06,1.29573730644736,1,0.94,0.0164130468782839,0,Sqle
1.85661470647726e-06,1.92066042511993,1,0.96,0.0267111157820884,0,Thbs1
1.85664812574649e-06,1.38220419998572,1,1,0.0267115965851147,0,Timp3
2.23225414155233e-06,1.81133152559174,0.981,0.92,0.0321154403345134,0,Gria3
3.39973224791326e-06,1.27825153039189,1,1,0.0489119478507281,0,Vcl
5.71547943507247e-06,1.29026016751294,1,0.96,0.0822286026323876,0,Epha4
6.02724636034334e-06,2.38054575424832,1,0.98,0.0867139933862596,0,9930013L23Rik
6.24399496283235e-06,1.03957695678534,1,1,0.089832355530269,0,Scd2
8.40336221364294e-06,1.97234841484418,0.824,0.52,0.120899172167681,0,Chrnb1
1.09088896956202e-05,1.02107258741705,1,0.98,0.156946196050888,0,Col5a2
1.3393398710398e-05,1.27235105996567,0.981,0.92,0.192690827246497,0,Agrn
1.38652553691286e-05,1.14531316664989,1,0.98,0.199479428995653,0,Atp1a1
1.8486057663928e-05,1.53149110436094,1,0.96,0.265958911610932,0,Slc4a4
2.07705929204558e-05,0.95025354990785,0.972,0.92,0.298826520346598,0,Ltbp2
2.18549355384004e-05,1.19852598564237,1,1,0.314426957590967,0,Sptbn1
2.22222202599108e-05,1.28172722977904,1,1,0.319711082879336,0,Malat1
2.25950507988669e-05,1.3237865851445,1,0.96,0.325074995843298,0,Fmod
2.33563093382753e-05,1.92793415837206,0.981,0.96,0.336027222449766,0,Ogt
2.39153028559424e-05,1.14388352559859,0.944,0.8,0.344069462188444,0,Mfsd2a
2.3939318202814e-05,3.72794307811821,0.843,0.56,0.344414970983885,0,9530091C08Rik
2.44254223888162e-05,1.7229969792476,0.963,0.82,0.351408551907898,0,Ccdc80
2.81921444337848e-05,1.83343955697138,0.935,0.74,0.405600381968862,0,Adcy6
2.88713363331197e-05,1.90487363789707,0.954,0.88,0.415371915824593,0,Cadm2
3.94150297606718e-05,1.60299048178343,0.944,0.72,0.567064033166785,0,Fam84b
4.71471920486614e-05,0.902699789919183,1,1,0.678306652004091,0,Nacc2
5.02642191622521e-05,1.11757612495458,0.991,0.96,0.723151321087321,0,Fgfr1
5.02668714024879e-05,0.807965108193725,1,1,0.723189478867593,0,Dag1
6.68886526616193e-05,0.910502637920327,1,1,0.962327045842716,0,Hbegf
9.57546231738455e-05,0.873476421895763,1,1,1,0,Cald1
9.72432185338942e-05,0.804054688830389,1,0.96,1,0,Prnp
0.000101841200688202,1.53014050778999,1,0.94,1,0,Ogn
0.000106647744741973,0.822489758801753,1,0.94,1,0,Slc35f1
0.000116915732533032,0.95328099969579,1,0.98,1,0,Macf1
0.000134070706645932,0.874938107193859,1,1,1,0,Son
0.000137149283028788,1.00525138108027,0.991,0.98,1,0,Pbxip1
0.000163087616290848,1.61855272222,0.898,0.72,1,0,Kdm5b
0.00016370682352307,1.36262714898712,0.926,0.8,1,0,Sorl1
0.000189299289430691,0.98477854011121,0.991,0.96,1,0,Csf1
0.000202590646864477,1.1651590417543,0.954,0.8,1,0,Pik3ip1
0.000203589803621106,0.850770527521886,0.963,0.9,1,0,F3
0.000254088260625328,0.999207584876245,1,1,1,0,Slc5a3
0.000255489668433086,0.71115241558873,0.972,0.86,1,0,Mmp14
0.000268095829010771,2.1268777389928,0.907,0.76,1,0,Fads3
0.000289568791700595,0.588871517843115,1,1,1,0,Flnb
0.000302280119723544,1.25763285301517,0.963,0.96,1,0,Tmem47
0.000302392333165532,0.659234543414542,1,1,1,0,Cyr61
0.000329647134684523,1.49658819346069,1,0.96,1,0,Tmem106b
0.000353297158078606,1.55045618485815,0.954,0.88,1,0,Lama5
0.000364142763599096,0.800888609702839,0.981,0.9,1,0,Serpinh1
0.00044097145688062,0.965665839271885,0.991,0.9,1,0,Lmbrd1
0.000443991293794718,0.663591200371446,0.963,0.94,1,0,Ltbp3
0.000450441673289013,1.18757679758199,0.981,0.94,1,0,Tulp4
0.000460590371439864,1.57596304907483,0.278,0.56,1,0,Hist1h2ad
0.000463363712510157,0.958597025197465,1,0.98,1,0,Wls
0.000469742649811437,1.16424655505936,0.963,0.96,1,0,Dtna
0.000477715347503904,1.46298392835386,0.972,0.78,1,0,Insr
0.00048298313715811,1.81547110491252,0.963,0.94,1,0,B3gnt1
0.000488290297243619,1.22450617269805,0.954,0.84,1,0,Smpd1
0.000490056271666643,0.991500013904149,1,0.98,1,0,Mxra8
0.000493486986042809,0.568165570528205,0.991,0.98,1,0,Stt3b
0.000496930258644881,0.833827157657415,1,0.94,1,0,Limch1
0.000539611362224365,2.2701314283872,0.889,0.82,1,0,Bace2
0.000555422143679552,1.16720424707287,0.981,0.98,1,0,Pabpn1
0.000566532979231779,1.67551420538883,0.926,0.82,1,0,Hagh
0.000575186437682125,0.896911569893058,0.926,0.84,1,0,Rnf215
0.000611726255380964,3.66445274895284,0.519,0.24,1,0,A330076H08Rik
0.000616411851374499,1.51312401935812,0.815,0.6,1,0,Col4a2
0.000646387526667718,1.02399792498395,1,1,1,0,Sox9
0.000655307763134652,0.917271318655029,1,1,1,0,Dst
0.000658778299918233,0.990474729248109,0.972,0.86,1,0,Lamb2
0.000664317177597987,0.870977685354792,1,0.94,1,0,Sorbs2
0.000692434103811438,1.2105327156972,0.917,0.86,1,0,Megf10
0.000701651392795713,0.859729992516936,1,1,1,0,Ahnak
0.000705355521011049,0.911370287949498,0.972,0.86,1,0,Cacna1a
0.00070885225658517,1.64951069847325,0.944,0.86,1,0,Col8a1
0.000735644301151789,0.939243582857356,0.991,0.9,1,0,Fgfr2
0.000745338964860142,0.72398277725652,0.944,0.78,1,0,Tmem259
0.000746284695564242,1.77658522666092,0.907,0.88,1,0,Vasn
0.000771635309489979,0.895526833688423,0.991,0.96,1,0,Mpdz
0.000803536379214393,1.07458168002902,1,0.92,1,0,Klhdc8a
0.000808437849769894,1.83928552617349,0.926,0.82,1,0,Inpp5k
0.000813294858253969,0.8051384421893,0.963,0.88,1,0,Pkd1
0.000865308933389797,0.840655840326377,0.991,0.94,1,0,Neat1
0.000880385902437238,1.47946735825745,0.88,0.72,1,0,Atp9a
0.000902436489319579,2.1255736887134,0.796,0.6,1,0,Nalcn
0.000930840471423626,1.11622092071074,0.963,0.92,1,0,Nid2
0.000931075038672228,0.935657747903786,0.963,0.94,1,0,Txndc15
0.000949764258195098,1.59880686506154,0.917,0.84,1,0,Pxdn
0.000982568353096291,0.746232762089127,1,1,1,0,Nedd4
0.000994659267877084,1.19923725651172,0.972,0.88,1,0,Pvrl3
0.000995722574000584,0.788404843779208,1,0.98,1,0,Fn1
0.0010090396717377,0.641089779102369,1,1,1,0,Tcf4
0.00104300723867066,1.48743049446483,0.861,0.7,1,0,Fam174b
0.00104304782834843,0.99917286266208,0.991,0.98,1,0,P4ha1
0.00106344895462739,1.38579481273962,0.963,0.94,1,0,Ptprz1
0.00109245674353509,0.737489372057645,1,0.96,1,0,Kidins220
0.00111097306791061,1.48509068588284,0.898,0.72,1,0,Mapk8ip3
0.00112980914261702,1.41926704024482,0.926,0.84,1,0,Acadsb
0.00113649106821552,1.14790126636682,0.991,0.96,1,0,Parp3
0.00114115523680414,0.988776381355429,0.88,0.68,1,0,Fzd2
0.00117159077939395,1.50705210215036,0.954,0.86,1,0,Farp1
0.00118991026030741,1.230104480534,0.991,0.94,1,0,Fndc3b
0.00121327216671253,1.74310488326304,0.963,0.96,1,0,Adamts1
0.00121362787065633,1.1584811637743,1,0.96,1,0,Atraid
0.00122710131690384,1.47620511799176,0.898,0.68,1,0,Cdk8
0.00124581267351003,0.840196199363828,1,0.98,1,0,Nisch
0.00132103516963251,0.909330980508144,0.889,0.76,1,0,Neu1
0.00133627514454229,3.54565197244294,0.537,0.3,1,0,H2-DMa
0.00134672203306134,0.98672831997176,0.963,0.96,1,0,Tnrc6b
0.00136468118870934,0.777847177270089,0.991,0.96,1,0,Arhgef18
0.00140057738766062,0.591796809375129,1,1,1,0,Laptm4a
0.00140955603976852,1.08021166507228,0.991,0.94,1,0,Prkca
0.00142217750774886,1.28042340323097,0.778,0.5,1,0,Phxr4
0.00155283377273373,0.855248122949197,1,1,1,0,Trip12
0.00158301239888222,1.25919237241996,0.991,0.98,1,0,Sc4mol
0.00161329263982098,1.29297910520055,1,0.88,1,0,Utrn
0.00163160150564302,1.38811956635251,0.944,0.9,1,0,Cyp51
0.00167681812768881,1.02756702257581,0.991,0.96,1,0,Abcc5
0.00171279308924614,1.57304271379174,0.769,0.54,1,0,Nlgn1
0.00172916561965151,1.70181623894745,0.87,0.7,1,0,Arhgef25
0.00173118193735218,1.06297826275579,0.991,0.98,1,0,Amotl2
0.00173722601061356,2.29566606868666,0.5,0.24,1,0,6330415B21Rik
0.00174491795982617,1.00957477062371,0.722,0.52,1,0,Slc35f3
0.00174840175176082,2.76673950599412,0.759,0.62,1,0,Fhdc1
0.00177073348776078,1.21056006685431,0.907,0.82,1,0,Nrbp2
0.0018190708347837,1.38301674899846,0.954,0.9,1,0,Cd59a
0.00187168499313521,1.43709895392802,0.944,0.82,1,0,Tm7sf3
0.00190400738740502,0.907795861743824,1,0.96,1,0,Pja2
0.00190402258858955,0.61802850394375,1,1,1,0,Itgb1
0.00191076666376461,2.651594549227,0.917,0.8,1,0,Lrp4
0.00192569357828281,0.937888495439308,0.963,0.88,1,0,Col4a5
0.00195255832805347,1.00485821186724,0.981,0.96,1,0,Notch2
0.00202733602837243,1.08888378527336,0.981,0.92,1,0,Tob1
0.00207481318198409,1.3701695224912,0.944,0.88,1,0,Dvl1
0.00210029678235238,1.45125732986313,0.815,0.62,1,0,Sec61a2
0.00213133899117182,1.07232009470496,0.972,0.92,1,0,Mir22hg
0.00215710387823382,1.23881522903587,0.954,0.92,1,0,H13
0.00221376369424147,0.67515204690892,1,0.98,1,0,Dner
0.00226394622223891,1.6636570656994,0.787,0.62,1,0,Slit3
0.00226931485177025,0.990510056908254,0.972,0.96,1,0,Ckap4
0.00229092532272255,0.802997100197415,0.815,0.66,1,0,Gm13498
0.00231226555004086,1.72736743542347,0.926,0.82,1,0,Chpf2
0.00237791738034093,1.13795067260125,0.917,0.72,1,0,Npr2
0.00238772771616494,1.20064973071257,0.917,0.86,1,0,Gab1
0.0024542322013677,0.977273809736027,0.917,0.8,1,0,Slc22a17
0.00245882433733331,1.81592898490073,0.972,0.9,1,0,Adcy1
0.00250637191151926,0.592958214658842,0.991,0.96,1,0,Clu
0.0025064480680848,0.523695520531767,1,0.98,1,0,App
0.00256887865090842,0.703505441775432,0.981,0.96,1,0,Gja1
0.0026287676180311,1.17580339837931,0.963,0.86,1,0,Mllt3
0.00265210535778134,1.09893164369878,0.907,0.88,1,0,C1ql3
0.00272949518742896,0.841307378526889,0.963,0.9,1,0,Ginm1
0.00277600842286261,1.02948917045365,0.907,0.82,1,0,Adrb1
0.00279625889221097,1.75575782566844,0.963,0.88,1,0,Pip5k1a
0.00282457906075389,1.44555022130604,0.963,0.8,1,0,Hsd17b7
0.00286124758822237,1.81550067476786,0.935,0.88,1,0,Ccnl2
0.00289650834167996,1.6912249722866,0.852,0.76,1,0,Zfyve27
0.0029393846601868,1.57279789438715,0.981,0.94,1,0,Fam178a
0.00294973594711793,0.84272805472521,0.778,0.88,1,0,Gabpb2
0.00297574717795804,1.07986229591587,0.991,0.96,1,0,Ppap2b
0.00300593612081271,1.80747641717217,0.926,0.92,1,0,Glg1
0.00300960189760842,1.34838577175144,0.963,0.9,1,0,Srgap3
0.00308631356472003,0.765714145028145,0.991,1,1,0,Anxa3
0.00318910215732203,1.51868215384265,0.87,0.58,1,0,Med12
0.00320179199131784,1.71639700119167,0.87,0.74,1,0,Itga7
0.00326386802712137,0.941313485834673,0.889,0.76,1,0,Mier3
0.00339945162337012,1.7573987230445,1,1,1,0,Kcnq1ot1
0.00341584295765281,1.17696422943137,0.722,0.46,1,0,Ncrna00085
0.00346104215894084,0.791537227711706,0.991,0.94,1,0,Zdhhc20
0.00356932016595336,1.73141523654646,0.806,0.66,1,0,Slc35a2
0.00358802071805773,0.8979685816017,0.991,0.98,1,0,Kif3a
0.00365299514526161,1.00735414645095,1,1,1,0,Rock2
0.00365906202918785,1.28128685147808,0.898,0.74,1,0,Cpq
0.00369688647615385,0.925429918547045,1,0.98,1,0,Clcn3
0.00371874956765767,0.652830273612712,0.991,0.94,1,0,Sdf2
0.00372117781763358,2.56151882132326,0.731,0.62,1,0,Ilvbl
0.00372346069749277,1.8807162333931,0.852,0.74,1,0,Zcchc7
0.00374033579548151,0.630723733676225,0.981,0.92,1,0,Tmeff2
0.00375589518428968,1.42962027656048,0.926,0.78,1,0,Palld
0.00377125023189932,1.2842751761253,0.926,0.86,1,0,Aox1
0.00379261569308439,0.733804327922575,0.898,0.74,1,0,Ttc17
0.00385110102757175,1.94832668955196,0.907,0.84,1,0,Bace1
0.00387728723659074,0.594193752733327,1,0.98,1,0,Cdh2
0.00387728723659074,0.647082927213932,1,1,1,0,Fat1
0.00399403359222592,1.07300138761073,0.991,0.98,1,0,Tnfrsf12a
0.00405946514474644,2.55338764066392,0.944,0.9,1,0,Nexn
0.00411401974289456,0.69694359680997,0.991,1,1,0,Epas1
0.00411891345770216,1.64159646657869,0.898,0.8,1,0,Gprasp1
0.00423622139025641,0.943402426030667,0.972,0.94,1,0,Slc39a7
0.00425982790008669,1.18923106430134,0.963,0.92,1,0,Tspan5
0.00433980615328124,1.90207792561769,0.759,0.6,1,0,Fahd1
0.00439995907917736,0.544647334745036,0.306,0.52,1,0,Hnrnpul1
0.00444284955240904,1.85905984631798,0.852,0.66,1,0,Fzd8
0.00445883241346771,0.715186952560257,0.963,0.84,1,0,Sidt2
0.00446707948957889,2.03416409516956,0.824,0.66,1,0,Cttnbp2
0.00446749726232203,0.648435233677747,1,1,1,0,Hsp90b1
0.00451651035132125,0.948835504902205,0.954,0.92,1,0,Golgb1
0.00452005873900024,0.602757069946633,0.991,0.96,1,0,Gpc4
0.00452585809393047,1.39767121965376,0.935,0.82,1,0,Ppp1r9a
0.00464853710834654,1.5741413826657,0.861,0.74,1,0,Ankrd16
0.00467263432590555,1.04276517646355,0.944,0.88,1,0,Smpdl3a
0.00467399588957098,1.81155102586776,0.63,0.38,1,0,Ryr3
0.0047063821481121,0.886071266636638,0.972,0.9,1,0,Ptprg
0.0048931332466994,0.815962523613028,0.944,0.86,1,0,Lphn2
0.00490427790488746,3.27052628527524,0.62,0.44,1,0,Zdhhc13
0.00496220585003477,0.648847416019372,0.991,0.96,1,0,Etnk1
0.00509869032945806,1.15309612161177,0.954,0.86,1,0,Slc33a1
0.0052519813288343,0.931694616260812,0.796,0.56,1,0,Fam73b
0.00525343941544853,2.4848720176713,0.778,0.68,1,0,Gabbr1
0.00525749380695964,1.10157664458248,0.981,0.94,1,0,Slc4a7
0.00531923058038103,0.739907270627771,1,0.98,1,0,Mlc1
0.00537895093671159,0.682879036556727,0.963,0.94,1,0,Ppp2r5a
0.0054288534821011,2.09444948026091,0.741,0.64,1,0,Ccdc126
0.00543545661473974,0.720875719607237,0.926,0.94,1,0,Sc5d
0.00544126481563974,1.10242996355865,0.972,0.92,1,0,Zbtb4
0.00557323559001339,0.520688124960842,0.481,0.68,1,0,Dera
0.00558155467003821,1.00362104275503,0.769,0.56,1,0,Gpr137
0.0056261682680105,1.13614999527126,0.944,0.9,1,0,Mafg
0.00564159418345081,2.02385594518908,0.537,0.32,1,0,Rnft2
0.00578094417666011,1.26133386319354,0.917,0.9,1,0,Col4a6
0.00581019766729598,0.685072284607341,0.926,0.86,1,0,Cd99l2
0.00586498144586022,0.862920706926426,0.917,0.74,1,0,Pter
0.00610052890969017,1.3534608776631,0.917,0.82,1,0,Gnb5
0.00610336601391532,0.859240821891207,1,1,1,0,Atp1b1
0.0061667418122601,1.31299315701824,0.981,0.84,1,0,Col4a1
0.0062115769361697,1.64988964546189,0.648,0.42,1,0,AI464131
0.00621158887476752,1.21318056867108,0.926,0.82,1,0,Kirrel
0.00627902542397493,1.49695078272398,0.852,0.72,1,0,Cxx1c
0.00635886130029587,1.12622786066951,0.574,0.68,1,0,Ccdc38
0.00637796023692224,2.00080811831263,0.88,0.74,1,0,Phldb2
0.00652648717077866,0.656809770231887,0.963,0.88,1,0,Slc30a1
0.0065702103957225,0.844697664585585,0.991,0.98,1,0,Arhgef12
0.00662603570783481,1.14239360424381,0.935,0.86,1,0,Sh3glb2
0.006643315536206,1.57503006303449,0.861,0.74,1,0,6720401G13Rik
0.00668241279294334,0.575900883830889,1,0.96,1,0,Prrc2b
0.00674935260088072,1.08075042105276,0.898,0.76,1,0,Ocrl
0.00677822489638357,1.62128599826477,0.861,0.68,1,0,Nckap1
0.00678657499759347,0.500474662267423,0.926,0.78,1,0,Plxna1
0.00680798583897511,1.88375953561877,0.778,0.66,1,0,Banp
0.00684978318039133,1.00657705394438,0.861,0.76,1,0,Crb2
0.00698302621605431,0.874887582639914,0.944,0.92,1,0,Araf
0.00698302621605431,1.27846973877144,0.944,0.92,1,0,Hs6st1
0.00706901162108595,0.619645501634095,0.991,1,1,0,Tmem66
0.0071050859700305,1.09826351431672,0.972,0.9,1,0,Tcf7l2
0.00720071786531181,1.98537571718489,0.769,0.7,1,0,Mlycd
0.00721444403693763,3.30405993551959,0.639,0.46,1,0,Shisa9
0.00733827090175038,0.869070893481441,0.731,0.52,1,0,Dock9
0.00734188224950201,0.954955785048272,0.815,0.66,1,0,Kremen1
0.00752201569289971,0.951855687513179,0.944,0.78,1,0,Prdm16
0.0075593053695062,0.847396413329462,1,1,1,0,Eif4a2
0.00764373742486677,0.766008415457819,0.991,0.96,1,0,Erlec1
0.00766720700136905,2.32090692308574,0.62,0.48,1,0,Arhgef4
0.00770784716651086,2.16367865891693,0.787,0.64,1,0,Sema3e
0.00774855645478095,1.4630332821414,0.852,0.78,1,0,Pdgfrl
0.00779661157392759,0.683341472769986,0.898,0.82,1,0,Glis2
0.00781523723468626,0.828646347078178,0.981,0.96,1,0,Samd4
0.0078157067021713,1.0495537664872,0.991,1,1,0,Igf1r
0.00788566374461834,0.734653888850217,0.954,0.84,1,0,Bmp1
0.00790269995393858,0.745161388700708,0.991,0.96,1,0,Mia3
0.00796363585215771,1.4798234395315,0.769,0.58,1,0,A430105I19Rik
0.00798269357673139,1.02488726573327,0.815,0.94,1,0,Orc2
0.00801135725331423,1.05300833360854,0.889,0.7,1,0,Tdrd7
0.00816798743754705,1.22696278325442,0.981,0.92,1,0,Axl
0.00816968738241747,1.26156460879751,1,0.98,1,0,Igfbp5
0.00819096340957898,1.23705958385416,0.852,0.78,1,0,Snrk
0.00823668611650767,2.07587696519314,0.519,0.26,1,0,A230072C01Rik
0.00824639127669817,0.881433717570642,0.944,0.88,1,0,Rbms3
0.00833403065263816,1.66262629569573,0.944,0.86,1,0,Dolk
0.00835027387352583,0.690932207871708,1,0.88,1,0,Kif1a
0.0083842361515691,3.46203951135903,0.759,0.68,1,0,Lrig2
0.00841664275210294,0.90642645859627,0.944,0.82,1,0,Xbp1
0.0084445183356003,0.808708545902601,1,0.98,1,0,Atxn2
0.00847603240745841,1.92310786135901,0.843,0.72,1,0,Il1rap
0.00852179526329224,1.33910118809577,0.778,0.58,1,0,Ehd2
0.00853794927855502,0.59601027871725,1,1,1,0,Hspa5
0.00854190787792738,1.09296542985736,0.87,0.72,1,0,2810008D09Rik
0.00857500276440571,1.82450412365181,0.704,0.48,1,0,Nphp3
0.00859101098121955,0.676295029685113,0.907,0.86,1,0,Sumf1
0.00878089077404971,0.601046247840418,0.954,0.66,1,0,Aff1
0.00890225612626804,0.952928972300168,0.843,0.68,1,0,Ift122
0.00896433370194557,1.44498755758363,0.852,0.8,1,0,Ldlr
0.00925982676052995,0.823002569129168,0.935,0.94,1,0,Cdh11
0.00931440530234596,0.817869665526202,0.769,0.62,1,0,Aph1b
0.00931499826806,0.832037968269645,0.806,0.56,1,0,Grik5
0.00942444012187023,2.54928477565398,0.639,0.5,1,0,Slc2a13
0.00952433517948466,0.787019974481602,1,1,1,0,D4Wsu53e
0.00962830279701297,0.738027890639413,1,0.96,1,0,Impact
0.00962835785439518,0.681274972501232,1,1,1,0,Gpm6b
0.00966494303303673,1.11873328980996,0.954,0.86,1,0,Herpud2
0.00967020934038055,1.19876464572322,0.889,0.86,1,0,Sgcb
0.00981705995996701,2.13425848449635,0.769,0.72,1,0,Oaf
0.0099208697587039,1.16011561728013,0.926,0.88,1,0,Ric8
0.00998019502024413,1.32467613720289,0.704,0.54,1,0,Fam171a2
2.38194543456928e-16,4.05190715576859,0.962,0.25,3.42690489671483e-12,1,Rad51ap1
1.03191711539718e-12,4.73663008719449,0.885,0.28,1.48461915392192e-08,1,Tk1
1.20401997076925e-12,4.53571491341614,0.962,0.667,1.73222353194573e-08,1,Top2a
2.01099890220801e-12,4.54255570986587,0.962,0.432,2.89322412060667e-08,1,Ckap2l
9.79287538038098e-12,5.01343330593987,0.846,0.258,1.40890098097541e-07,1,Pkmyt1
9.91434382876222e-12,4.42549370271867,1,0.644,1.42637664664402e-07,1,Cdk1
1.03227399955722e-11,4.16959259174831,0.923,0.341,1.48513260316298e-07,1,Ndc80
1.90058988791609e-11,5.06326518540847,0.885,0.311,2.73437867174487e-07,1,Oip5
1.90280020817736e-11,4.69834772367189,0.846,0.265,2.73755865950477e-07,1,Nsl1
2.58602541210118e-11,3.6127382892948,0.962,0.545,3.72051476038997e-07,1,Spc25
3.70293255740795e-11,4.97271406674149,0.885,0.417,5.32740907034282e-07,1,Ube2c
3.88457419941453e-11,4.48428807663942,1,0.576,5.58873690069769e-07,1,Prc1
4.46357613108818e-11,4.12794218106689,0.846,0.265,6.42174697979656e-07,1,Plk1
4.7765007524585e-11,4.40092038038294,0.923,0.538,6.87195163256204e-07,1,2810417H13Rik
6.6945046863569e-11,4.40786590579906,0.885,0.326,9.63138389226167e-07,1,Cenph
1.01044036887361e-10,4.19609318816613,0.692,0.152,1.45372055869846e-06,1,Ska1
1.15798521513453e-10,5.5301835511487,0.615,0.106,1.66599332901405e-06,1,BC030867
1.19722444595293e-10,4.12186979402103,0.885,0.356,1.72244681039248e-06,1,Clspn
1.29826864026058e-10,5.55873805943133,0.846,0.348,1.86781909274289e-06,1,Rad51
1.31103606980038e-10,4.33061714724923,0.654,0.114,1.88618759362181e-06,1,Troap
1.36379117645754e-10,2.8363597726926,0.962,0.576,1.96208636556946e-06,1,Gmnn
1.57274663537412e-10,6.64098405806483,0.769,0.273,2.26271058431275e-06,1,Esco2
1.80345370836412e-10,3.68409345289897,0.923,0.386,2.59462885022345e-06,1,Kif4
1.82681817118378e-10,5.23840345885022,0.846,0.364,2.62824330288211e-06,1,Aurkb
1.86924172633819e-10,3.39693566520367,0.962,0.674,2.68927807168276e-06,1,Rpa2
2.34905709699837e-10,4.07119047891697,0.885,0.485,3.37958844545155e-06,1,Ect2
2.92899909003584e-10,5.25709031086422,0.885,0.447,4.21395099083457e-06,1,Kif18a
3.04097170556497e-10,3.69439693943542,0.808,0.265,4.37504599279632e-06,1,Cep55
3.10045812912541e-10,4.79985909809431,0.962,0.591,4.46062911037273e-06,1,Spc24
3.10374142459714e-10,4.68979920605818,0.885,0.477,4.4653527875679e-06,1,Mcm5
3.52641294677112e-10,5.61189957478432,0.885,0.417,5.07345030651962e-06,1,Ncapg
3.79581976457748e-10,5.16396694257512,0.885,0.371,5.46104589529762e-06,1,Knstrn
3.97488312895379e-10,5.79068913688671,0.808,0.273,5.71866435762581e-06,1,Pold1
4.06542794001889e-10,3.28202965357438,0.846,0.364,5.84893117730518e-06,1,Bub1
6.5852320332971e-10,5.44075917695402,0.769,0.227,9.47417332630454e-06,1,Kif18b
7.46349941226489e-10,7.7392217215339,0.654,0.167,1.07377366044255e-05,1,Neurl1b
7.83849468034104e-10,4.64125864820064,0.885,0.402,1.12772422966067e-05,1,Cenpk
8.18011862904275e-10,3.12792144351342,0.808,0.333,1.17687366716038e-05,1,Brip1
1.0063622185118e-09,4.56124783028608,0.923,0.75,1.44785332377293e-05,1,Ccna2
1.04443367998249e-09,3.95762125878803,0.923,0.462,1.50262673539081e-05,1,Lmnb1
1.04446709805089e-09,4.33405773618545,0.885,0.409,1.50267481396582e-05,1,Fam83d
1.25205993180334e-09,3.68980511259539,0.885,0.424,1.80133862388547e-05,1,Cdca8
1.38312114900043e-09,4.03708194885379,0.923,0.621,1.98989639706692e-05,1,Anln
1.39062906434352e-09,5.21396962933599,0.731,0.227,2.00069803487102e-05,1,Fam64a
1.79605430476305e-09,4.42969635353375,0.808,0.333,2.5839833282626e-05,1,Shcbp1
1.80120498933186e-09,6.43906261024868,0.769,0.311,2.59139361815174e-05,1,E2f7
2.29166696266395e-09,4.39840767059896,0.808,0.371,3.29702125918462e-05,1,Pbk
2.54188108872157e-09,2.99843441500791,1,0.72,3.65700432234373e-05,1,Mcm7
2.57248979351364e-09,3.29895650059998,0.962,0.553,3.70104106592807e-05,1,Tpx2
2.83142838798565e-09,5.40007513447157,0.577,0.114,4.07357602179495e-05,1,Nrm
3.00512336670255e-09,2.52576677374539,1,0.773,4.32347098767496e-05,1,Kpna2
3.05737568652224e-09,6.48576692715055,0.731,0.235,4.39864640019955e-05,1,Mcm10
3.33777799641219e-09,4.03480729831916,0.923,0.667,4.80206120343821e-05,1,Rrm2
3.51881225328266e-09,6.06510691516334,0.731,0.258,5.06251518879776e-05,1,Cenpm
4.08288544286254e-09,3.28427522891866,0.923,0.515,5.87404728664634e-05,1,Mcm3
4.13583383400178e-09,3.79606361889579,0.962,0.674,5.95022413697836e-05,1,Racgap1
4.56567127865734e-09,3.53552784723966,0.846,0.485,6.56863126860432e-05,1,Pola2
5.07665765305031e-09,4.67271430191969,0.808,0.364,7.30378736544348e-05,1,Nuf2
5.09706306376121e-09,2.45584826179549,0.962,0.568,7.33314462983326e-05,1,Ncapd2
6.26940262577948e-09,3.89927824328554,0.885,0.402,9.01978955770894e-05,1,Cdc20
6.4095394415886e-09,3.72027156677197,0.885,0.492,9.22140439461352e-05,1,Kif11
6.54566513081227e-09,5.61895023558949,0.808,0.273,9.41724842369961e-05,1,Lrr1
7.13646710783739e-09,3.58585373198206,0.885,0.424,0.000102672352280457,1,Hells
7.17786264390522e-09,4.5054793861581,0.731,0.25,0.000103267909857864,1,Asf1b
7.43116103621749e-09,3.27693222344997,0.885,0.485,0.000106912113828061,1,Birc5
7.78543548036926e-09,4.0873607149769,0.885,0.508,0.000112009060256073,1,Tcf19
8.05979540861248e-09,4.06265041412193,0.846,0.371,0.000115956276543708,1,Ube2t
9.06302075175102e-09,3.98062171126994,0.923,0.583,0.000130389679555442,1,Tacc3
9.59677342696069e-09,3.75169352384628,0.885,0.462,0.000138068779293683,1,Mcm2
9.61604216810719e-09,2.98364139685113,0.885,0.439,0.000138345998672558,1,Foxm1
9.63843845261261e-09,4.65031461391881,0.808,0.28,0.000138668214017738,1,Cep128
1.05152222189046e-08,5.47337327114531,0.654,0.167,0.000151282502063381,1,Dscc1
1.0715536733913e-08,4.53240102689305,0.846,0.462,0.000154164426990807,1,Dlgap5
1.08834092900044e-08,4.18676215776932,0.769,0.295,0.000156579609455293,1,Stil
1.14206264729853e-08,2.4572120577804,0.769,0.348,0.00016430855306684,1,Ncaph
1.18544155784269e-08,4.00091972739651,0.769,0.22,0.000170549476926827,1,Kif2c
1.22460732681186e-08,4.42081390532304,0.769,0.288,0.000176184256108423,1,Kifc1
1.24565746288965e-08,5.53712627255336,0.731,0.258,0.000179212739185934,1,Cdc25c
1.34386377090653e-08,4.30346427814541,0.654,0.197,0.000193341680720323,1,Neil3
1.35647579306435e-08,2.79981853768153,0.654,0.174,0.000195156172348169,1,Rtkn2
1.43706489116618e-08,4.2507256236673,0.808,0.424,0.000206750525892078,1,Nusap1
1.4508588066598e-08,2.93178402755129,1,0.758,0.000208735056514145,1,Hmgb2
1.55616648864929e-08,5.07807429839044,0.654,0.159,0.000223885672721974,1,E2f8
1.61764040520778e-08,3.95327999753939,0.885,0.462,0.000232729925097244,1,Ccnb1
1.67485880331476e-08,3.79523456037707,0.846,0.447,0.000240961936032894,1,Fbxo5
1.90457255714216e-08,3.76653672915791,0.962,0.712,0.000274010853796043,1,Smc2
2.28390206454562e-08,3.02183082097555,0.885,0.515,0.000328584990026179,1,Fam111a
2.75665125617015e-08,2.26196825785472,1,0.811,0.000396599416225199,1,Nasp
2.95821237689568e-08,3.75205839013915,0.654,0.189,0.000425598014663981,1,Hist1h2ao
2.97875756525846e-08,2.8976706760707,0.808,0.311,0.000428553850913735,1,Pole
3.16463235547612e-08,1.25916740022613,0.923,0.47,0.00045529565698235,1,Dbf4
3.45249103750367e-08,3.12841812650517,0.923,0.811,0.000496709885565653,1,Rrm1
3.52708862048392e-08,4.61000455731566,0.731,0.288,0.000507442239829021,1,Exo1
3.90532407890248e-08,3.63630573866926,0.808,0.356,0.0005618589752317,1,Haus5
4.02991692544235e-08,5.61881303205768,0.731,0.303,0.000579784148063391,1,Cdc6
4.0579696569351e-08,3.95045540888787,0.769,0.348,0.000583820094543254,1,4930579G24Rik
4.34004534158267e-08,2.7694292900915,0.962,0.758,0.000624402323293499,1,Topbp1
4.70437513010513e-08,3.70153193296712,0.846,0.523,0.000676818449968225,1,Ncapg2
4.78026729408929e-08,4.17446059514681,0.808,0.409,0.000687737055600626,1,Dtl
4.94223955387365e-08,5.56886446355647,0.846,0.667,0.000711040004615802,1,Kif20a
4.98234130208496e-08,2.10900785615328,1,0.932,0.000716809443130963,1,Stmn1
5.00801949509111e-08,4.09634252758165,0.731,0.235,0.000720503764758758,1,Depdc1a
5.23206949478202e-08,5.32998684177515,0.808,0.402,0.000752737838214289,1,Brca1
5.77156635109522e-08,4.41871944533093,0.731,0.288,0.00083035525093207,1,Bub1b
6.31758421811917e-08,4.03307000989605,0.808,0.311,0.000908910841460805,1,Cenpn
6.4801196552056e-08,5.35093941920935,0.731,0.318,0.00093229481479443,1,Nek2
6.68921992646912e-08,3.64008564193905,0.769,0.348,0.000962378070821112,1,Bard1
6.7658777786273e-08,3.3387993341708,0.769,0.386,0.000973406836011109,1,Kntc1
6.98164807279986e-08,3.06796220459615,0.846,0.417,0.00100444970823372,1,Uhrf1
8.47315318397411e-08,2.42398417995878,0.846,0.462,0.00121903254857836,1,Prim1
8.810189481744e-08,4.73032804621836,0.846,0.568,0.00126752196073851,1,Mki67
9.17939436498249e-08,4.32735909713977,0.846,0.439,0.00132063946729003,1,Rad54l
9.24264161510871e-08,3.44973278986755,0.846,0.508,0.00132973884916569,1,Sgol2
9.29283483587019e-08,3.85373696583797,0.846,0.568,0.00133696014783664,1,Lig1
9.71682802458811e-08,4.12413877113998,0.846,0.477,0.00139796004789749,1,Kif20b
1.14464548762732e-07,3.58355147711507,0.923,0.765,0.00164680146304943,1,Ckap2
1.15269778796716e-07,2.51808949221158,1,0.712,0.00165838630754836,1,Mcm4
1.17025222787491e-07,4.66425175452601,0.769,0.326,0.00168364188024363,1,Hirip3
1.28233258907311e-07,3.80590062157788,0.808,0.439,0.00184489189589948,1,Kif23
1.2916454110376e-07,4.06124881775601,0.692,0.227,0.00185829025285979,1,4930427A07Rik
1.31702065819723e-07,4.03308359366819,0.731,0.326,0.00189479762094836,1,Cdca2
1.46026301157907e-07,4.10002383194283,0.808,0.477,0.0021008803947588,1,Cenpq
1.50097197186501e-07,2.66020444122967,0.923,0.697,0.00215944837592218,1,Atad2
1.53604109248485e-07,5.03141450325867,0.808,0.417,0.00220990231975796,1,Zwilch
1.6014382087668e-07,2.09907812877797,0.962,0.97,0.00230398915095279,1,Pcna
1.68542356038888e-07,4.68291078843566,0.654,0.235,0.00242481887633148,1,Cenpi
1.71594800713519e-07,4.86187379869348,0.769,0.333,0.00246873439786539,1,Mlf1ip
1.7975313949235e-07,4.15828529095467,0.692,0.265,0.00258610841787645,1,Chaf1b
1.91721519569781e-07,4.37720900749153,0.654,0.227,0.00275829750205043,1,Melk
2.0433504373296e-07,5.39987407065069,0.731,0.348,0.00293976827418609,1,Kif15
2.09093903491501e-07,5.20751738636761,0.731,0.318,0.00300823398953223,1,2700099C18Rik
2.32142810892644e-07,4.38673626446286,0.808,0.386,0.00333983862031247,1,Aurka
2.42452320544862e-07,3.67314289106457,0.808,0.477,0.00348816153567893,1,Cdca3
2.83991427627386e-07,2.06786047611352,0.923,0.72,0.0040857846692752,1,Rfc3
2.967809892665e-07,4.86450527423109,0.808,0.53,0.00426978809257713,1,C330027C09Rik
3.00395716725898e-07,2.07716033862242,1,0.977,0.00432179317653549,1,H2afz
3.08733365054989e-07,3.74441553167759,0.654,0.197,0.00444174692304612,1,Pask
3.09119880731851e-07,2.9102438433043,0.846,0.379,0.00444730772408914,1,Rad18
3.28355168587014e-07,2.10012655212389,0.923,0.659,0.00472404581046136,1,Dut
3.64938824987051e-07,3.44135296804404,0.808,0.417,0.0052503748750887,1,Ccnb2
3.73089001134121e-07,4.9935846391873,0.692,0.28,0.0053676314593166,1,Kif22
4.02143894211135e-07,6.72659543890485,0.615,0.182,0.0057856442060156,1,Kifc5b
4.25117770824124e-07,5.16776180168772,0.654,0.273,0.00611616936884667,1,Espl1
4.2961941525188e-07,3.32066977919874,0.846,0.477,0.00618093452722879,1,Mad2l1
4.34670343723906e-07,2.37221621153449,0.962,0.886,0.00625360223515583,1,Tubb6
4.43915294975035e-07,4.43499446047216,0.808,0.47,0.00638660934880583,1,Rfc5
4.83964506844545e-07,3.15662261592673,0.731,0.273,0.00696279735997246,1,Cdkn3
4.84497864826505e-07,4.2113336763544,0.654,0.242,0.00697047078125893,1,Rad51c
4.95885305435548e-07,3.24282856718764,0.885,0.515,0.00713430188930123,1,Cntrob
5.1869426398954e-07,2.58343060621858,0.846,0.386,0.00746245437601752,1,Chaf1a
5.28527657810114e-07,0.835762106369239,0.769,0.447,0.00760392741291412,1,Hmmr
5.54440492984362e-07,6.13788243808884,0.538,0.136,0.00797673537256602,1,Ankle1
6.08980657771128e-07,2.03112399218556,0.923,0.856,0.00876140472335322,1,Usp1
6.17825189208019e-07,2.08312071138136,1,0.795,0.00888865099713576,1,Ezh2
7.84594459810897e-07,4.94008686302396,0.538,0.159,0.0112879604932994,1,Orc1
8.6147196344042e-07,3.28517095242601,0.962,0.765,0.0123939971380173,1,Mcm6
9.22632343260398e-07,4.23332643759059,0.615,0.197,0.0132739115224874,1,Gsg2
9.73710012853499e-07,3.16163202103246,0.731,0.318,0.0140087659549233,1,Ska3
1.10574955524285e-06,3.48142085033836,0.808,0.356,0.0159084188512789,1,4930422G04Rik
1.12107140936593e-06,2.89175799976181,0.962,0.765,0.0161288543665477,1,H2afx
1.14574915313438e-06,1.73362561092712,1,0.856,0.0164838930661443,1,Hat1
1.15665254651093e-06,4.08813497370524,0.846,0.53,0.0166407601866528,1,Nt5dc2
1.22088033798273e-06,2.1541595236697,0.923,0.727,0.0175648054225576,1,Wee1
1.29452564156721e-06,2.70472200483391,0.846,0.402,0.0186243404052275,1,Pole2
1.35126648005417e-06,3.9739944940686,0.769,0.432,0.0194406708485393,1,Mis18bp1
1.47106621446405e-06,3.18424926714279,0.769,0.402,0.0211642296274943,1,Cdc45
1.52847177129743e-06,2.28107379539792,0.923,0.765,0.0219901233736561,1,Zfp367
1.57321857624874e-06,2.65296719579612,0.769,0.364,0.0226338956564907,1,Sgol1
1.80948829114278e-06,2.57811812343826,0.692,0.258,0.0260331080446712,1,Cdc7
1.89301439899182e-06,3.51598559601934,0.769,0.417,0.0272347981582953,1,Mms22l
1.9738159734781e-06,3.77534271248301,0.692,0.265,0.0283972904104294,1,Cdca5
2.02918076296766e-06,1.43374772229848,0.808,0.462,0.0291938236368157,1,Prim2
2.04908463284281e-06,3.45463765167375,0.615,0.227,0.0294801806127095,1,Parpbp
2.14099340592604e-06,3.61271526998135,0.731,0.394,0.030802472131058,1,Fignl1
2.20140158445742e-06,1.31334510265678,1,0.97,0.0316715645955889,1,Xpo1
2.38431970628727e-06,6.71673360639169,0.654,0.25,0.0343032076143549,1,Spdl1
2.57073310845505e-06,2.5747295775638,1,0.902,0.0369851372313428,1,Tyms
2.63253670730214e-06,3.89329601528213,0.692,0.303,0.0378743056079559,1,Wdhd1
2.80348024924381e-06,4.18407821922528,0.846,0.508,0.0403336703458707,1,Psmc3ip
2.85813592589267e-06,5.19467715709425,0.769,0.485,0.0411200015658178,1,Cenpa
2.86056794445696e-06,3.58009402390682,0.846,0.561,0.0411549910169022,1,Fen1
2.87327448965754e-06,2.62776691840226,0.962,0.727,0.041337800082703,1,Tipin
2.9449817772996e-06,3.2168985020949,0.538,0.152,0.0423694528300093,1,Efcab11
3.03249714960342e-06,2.73277373111014,0.846,0.568,0.0436285364913444,1,Incenp
3.05897071798604e-06,4.26856928305228,0.692,0.333,0.0440094117196652,1,Casc5
3.10644818665498e-06,5.14751702990412,0.808,0.568,0.0446924700614052,1,Cenpf
3.13201980164102e-06,3.78532116477675,0.846,0.523,0.0450603688862094,1,Spag5
3.70800114235187e-06,1.72371748877105,1,0.909,0.0533470124350164,1,Smc4
3.78576169722127e-06,2.93731580191997,0.923,0.697,0.0544657535379224,1,Ccdc77
4.19298345694221e-06,3.01089734300989,0.846,0.538,0.0603244529950276,1,Tex30
4.19298345694221e-06,1.4505444787354,0.846,0.538,0.0603244529950276,1,Vrk1
4.33872943568508e-06,2.9967043047438,0.615,0.242,0.0624213003912012,1,Tyms-ps
4.356407444403e-06,2.38752972831492,0.692,0.288,0.062675633902626,1,Gins1
4.39912593851426e-06,4.83416560735263,0.577,0.212,0.0632902248774047,1,Timeless
4.46220139992965e-06,1.41901927518611,1,0.977,0.0641976915407878,1,Dek
4.55018927766488e-06,3.08792784392103,0.808,0.439,0.0654635731377647,1,Cenpp
4.69411303186917e-06,3.17452204277316,0.808,0.538,0.0675342041895017,1,Haus4
5.6587978684668e-06,2.39484682531343,0.846,0.515,0.0814131249336318,1,Mns1
5.7703714048207e-06,2.06570395234436,0.846,0.697,0.0830183334011555,1,Dhfr
5.86943998905936e-06,1.65853460626406,0.923,0.742,0.0844436331225971,1,Tubg1
6.29106694304283e-06,2.44017207275985,1,0.871,0.0905095801095572,1,Dnajc9
6.30106729983217e-06,2.14693426186805,0.769,0.417,0.0906534552426854,1,1190002F15Rik
6.9974310613457e-06,3.16254130305446,0.692,0.364,0.100672040679581,1,Cdc25b
7.04204375203269e-06,3.28673110316038,0.769,0.508,0.101313883460494,1,Cenpe
7.26716978329947e-06,2.4493376694667,1,0.939,0.104552771672329,1,Cse1l
7.40568181417115e-06,2.25765175889384,0.885,0.636,0.10654554426048,1,Nsg1
8.07042264802631e-06,2.80816445355969,0.808,0.621,0.116109170637154,1,Gins2
8.19290855372937e-06,3.7901590236309,0.846,0.674,0.117871375362504,1,Mxd3
8.6634380498381e-06,2.15967492296946,0.962,0.955,0.124640883223021,1,Rad21
9.02983528197441e-06,1.60610883060917,1,0.705,0.129912240201766,1,Lrrc40
9.04892337684707e-06,2.49718660735077,0.808,0.47,0.130186860622699,1,Mis18a
9.10979838573954e-06,3.44247262374345,0.654,0.295,0.131062669375635,1,Chek1
9.14536704055337e-06,3.25466285375651,0.692,0.311,0.131574395612441,1,Apitd1
9.21212569395068e-06,3.37117342001994,0.769,0.417,0.132534852358868,1,Aspm
9.51866001098474e-06,1.66263132129474,0.923,0.667,0.136944961578037,1,Lsm2
9.61630513136241e-06,4.97745458731695,0.615,0.273,0.138349781924911,1,Ccnf
9.69622864292979e-06,1.90146638810867,0.962,0.818,0.139499641485831,1,Ssna1
1.05831460123931e-05,5.76212463814312,0.538,0.197,0.152259721680299,1,Rad54b
1.18106285081209e-05,1.39702699430346,0.846,0.508,0.169919512346336,1,Cenpw
1.19346129231959e-05,1.72131961140674,1,0.902,0.17170327612602,1,Hmgn2
1.20011798020471e-05,1.16514719471855,1,1,0.172660973812051,1,Tuba1b
1.32383633872336e-05,4.98320915321652,0.692,0.371,0.19046033405213,1,Ttk
1.36225601345833e-05,2.93089993620695,0.923,0.652,0.195987772656251,1,Hn1l
1.38958561880771e-05,3.18297750949096,0.654,0.303,0.199919682977866,1,Kif14
1.55252119167775e-05,2.3653751652954,0.769,0.462,0.223361223846678,1,Atad5
1.69950279962258e-05,3.95046111679516,0.731,0.402,0.244507467781701,1,Ccdc18
1.75497427036944e-05,3.30547286928602,0.654,0.326,0.252488148278051,1,Iqgap3
1.81569264998067e-05,3.90868522136897,0.5,0.159,0.261223701552719,1,Sapcd2
1.87604526959387e-05,2.17001821366895,0.769,0.348,0.26990663293647,1,Impa2
1.94092487259685e-05,3.97892328669118,0.615,0.258,0.279240861420509,1,Ercc6l
2.01931652521527e-05,3.48689842210279,0.923,0.636,0.290519068482721,1,Cdk2
2.10137388088724e-05,0.524709146266813,0.731,0.333,0.302324660243248,1,Trip13
2.13598845044455e-05,6.08918233070847,0.538,0.205,0.307304658365457,1,Xkr5
2.28743816705233e-05,1.93702762050866,0.808,0.447,0.329093729093819,1,Ung
2.28988956188007e-05,1.82208932677625,0.923,0.758,0.329446411267685,1,2700094K13Rik
2.29214075554962e-05,3.85616227910978,0.654,0.295,0.329770290500924,1,Zcwpw1
2.39140715850838e-05,3.38114949709229,0.731,0.462,0.344051747894601,1,Rbl1
2.7872078499595e-05,2.22109287270517,0.885,0.606,0.400995593373673,1,Cdkn2c
3.01761601835479e-05,2.14055007657102,0.769,0.53,0.434144416560703,1,Arhgap11a
3.09253774139278e-05,1.14736445024358,1,1,0.444923404854179,1,Tubb4b
3.34571374375077e-05,3.43696835783232,0.692,0.424,0.481347836313424,1,Nmral1
3.49402918076131e-05,1.57505319021044,0.962,0.826,0.50268597823613,1,Ccdc34
3.69658447547714e-05,2.7508771359797,0.731,0.417,0.531827608486896,1,Rfc4
3.86381443522637e-05,1.40982610672901,1,0.924,0.555886982796018,1,Prkaca
4.18942461311808e-05,4.8056759362534,0.885,0.652,0.602732519089299,1,Dnaaf2
4.19984096433022e-05,0.965494945636324,1,1,0.604231119538189,1,Tubb5
4.22186729410295e-05,3.18144202993001,0.615,0.295,0.607400047602592,1,Phf19
4.64597485617923e-05,1.3758106357401,1,0.985,0.668416402558506,1,Ssrp1
4.97498027067687e-05,1.3180379660677,0.923,0.773,0.715750411542281,1,Uchl5
4.98543127875353e-05,1.16188889418771,0.731,0.394,0.717253998074271,1,Cdca7
5.07042168299216e-05,2.21407134827002,0.846,0.644,0.729481567532082,1,Haus1
5.5582963440039e-05,3.43396833294608,0.654,0.273,0.799672095011841,1,BC055324
5.68623968607472e-05,2.65243265084932,0.885,0.773,0.81807930363557,1,Rfc2
5.83260237625635e-05,3.71817884728711,0.731,0.402,0.839136503872001,1,Mastl
6.08597271890656e-05,2.23482284487997,0.731,0.432,0.875588895069087,1,Cdt1
6.24691349337329e-05,1.40284138369571,1,0.909,0.898743444291615,1,Psip1
6.34069656056073e-05,2.40506644060577,0.923,0.72,0.912236014167873,1,Dnmt1
6.72119150595277e-05,2.04740592342056,0.923,0.833,0.966977821961425,1,Exosc8
6.81397124767568e-05,1.73473615894411,0.962,0.902,0.9803260434031,1,Psat1
6.91415594588894e-05,1.13469221394868,1,0.939,0.994739615935042,1,Sae1
7.00896173621827e-05,1.54950175461058,0.885,0.576,1,1,Pomt1
7.24881199735221e-05,3.66779165971282,0.731,0.417,1,1,Wdr90
7.34374754598551e-05,1.62807035433106,0.885,0.674,1,1,Rnaseh2c
7.34391561279652e-05,3.26683493083666,0.769,0.5,1,1,Rmi2
7.54587774604418e-05,1.63221482947088,1,0.78,1,1,Rgs12
7.8240253192286e-05,1.34132255828087,0.731,0.348,1,1,Wdr76
7.98219347494691e-05,3.2856326063013,0.577,0.273,1,1,Fanca
8.30729196227339e-05,2.72594659948082,0.769,0.523,1,1,Diap3
8.40259370314431e-05,4.48114950481492,0.5,0.167,1,1,Arhgap33
9.28228474033063e-05,0.953366545871003,1,1,1,1,Ran
9.64745916472697e-05,2.09288860839622,0.692,0.424,1,1,9430015G10Rik
9.79108877308587e-05,2.16084534936874,0.808,0.629,1,1,Cks2
9.92425949651018e-05,2.40733914328127,0.692,0.348,1,1,Med18
0.00010102907905437,4.74952467164455,0.731,0.432,1,1,Ticrr
0.000106275259844252,0.856660354287593,1,0.992,1,1,Hnrnpab
0.000106339440637785,1.56309627709921,0.962,0.848,1,1,Ncaph2
0.000111971718952791,1.09019050880482,1,0.894,1,1,Whsc1
0.000112890740526004,2.07521122416114,0.654,0.409,1,1,Mcm8
0.000114634684473441,2.13642598786551,0.808,0.455,1,1,Enkd1
0.00011476210791632,1.08149549714079,1,0.977,1,1,Tmpo
0.000116870991533321,0.699707047686276,1,0.939,1,1,Nop58
0.000126619423224603,4.83379065322009,0.846,0.568,1,1,Haus3
0.000126669487571628,1.86245083139921,0.808,0.508,1,1,Dctpp1
0.000127969456681884,2.31362865150877,0.538,0.205,1,1,Chtf18
0.000135384912225809,1.02540840691662,0.923,0.598,1,1,D030056L22Rik
0.000136300605988403,1.92141162842832,0.846,0.652,1,1,Eri1
0.000144131829369431,2.635340205397,0.731,0.424,1,1,Sass6
0.000161197792246819,3.75329608849883,0.808,0.606,1,1,Dck
0.000167595824320593,2.21653901393598,0.885,0.712,1,1,Pigf
0.000168791928351623,1.47948767700243,1,0.75,1,1,Alyref
0.000175821999728977,3.53716949410064,0.5,0.159,1,1,Poc1a
0.000179955793714408,2.44138824799654,0.538,0.189,1,1,Mybl2
0.000180776207265273,2.14775077579943,0.885,0.652,1,1,Rhno1
0.000181730521130987,3.06136500095266,0.731,0.439,1,1,Tmem194
0.000190464579152143,2.79423847349333,0.923,0.523,1,1,Aaas
0.000206379734647814,3.21769848539789,0.846,0.583,1,1,2700049A03Rik
0.000216299198194197,1.48276869087122,0.885,0.909,1,1,Sf3b5
0.000217319023466614,1.92202386227942,0.962,0.871,1,1,Trim28
0.000245142948285559,5.43205160408532,0.731,0.553,1,1,Fanci
0.000247415049515109,1.4151807914554,0.885,0.742,1,1,Nelfe
0.000247921009535331,4.69405415296224,0.577,0.235,1,1,Ccdc94
0.000258533280077507,1.2776405478963,0.846,0.576,1,1,Paxip1
0.000265515343291061,2.00855845861489,0.615,0.288,1,1,Rps6ka6
0.000267136163994364,2.38360855344348,0.692,0.326,1,1,Pmf1
0.000272260765560659,2.25300623219523,0.538,0.22,1,1,Traip
0.000274970021763244,1.06714019618947,0.577,0.265,1,1,Suv39h2
0.000276646597868452,1.00784434876882,0.962,0.674,1,1,Sac3d1
0.000278650031651046,1.41308035318193,0.654,0.364,1,1,Blm
0.000286907962456555,1.86662845768473,0.808,0.561,1,1,Timm50
0.000291269703334921,1.81063723556514,0.808,0.455,1,1,Chek2
0.000297985873071782,1.72594825962593,0.769,0.508,1,1,Lin9
0.000313749952781301,0.944877075588485,0.846,0.545,1,1,Casp7
0.000314447667467901,2.78389905235484,0.5,0.197,1,1,Dna2
0.000315638461271353,1.70530962440599,0.885,0.811,1,1,Nsmce4a
0.000320467947491782,1.77615302220795,0.846,0.636,1,1,Cdkn2d
0.000326474106818112,1.34989054967474,0.962,0.902,1,1,Ranbp1
0.000332499628826499,3.24562554903808,0.769,0.538,1,1,Pola1
0.000345039440521749,4.9122397840017,0.615,0.303,1,1,Ccne1
0.000356323811428411,1.59992381217553,1,0.841,1,1,Larp7
0.000406145306572745,1.82717521366547,0.538,0.235,1,1,Tonsl
0.000406371524701727,1.21133787183465,0.962,0.962,1,1,Prdx4
0.000421040348579409,1.22226102580852,0.962,0.962,1,1,Syncrip
0.000421731277433227,4.55248424824584,0.5,0.212,1,1,Gen1
0.000423371742423686,0.559862328284741,1,0.902,1,1,Anp32e
0.000429274255334085,2.35120135468667,0.962,0.758,1,1,Haus2
0.000443356814562956,1.76754211828018,0.962,0.705,1,1,Cit
0.000455872003560962,1.22223982399916,1,0.955,1,1,Mettl9
0.000457596743540503,1.3866859910893,0.769,0.47,1,1,Lin54
0.000459644624775361,1.93484618124514,0.923,0.705,1,1,Orc6
0.000488176198973285,1.67069047245676,1,0.917,1,1,Nde1
0.000490225721889467,2.88550615996655,0.692,0.447,1,1,Wdr67
0.000511943013353034,0.804120198000729,0.808,0.5,1,1,Ddx11
0.000515616124416745,0.664513034381288,1,0.992,1,1,Hnrpdl
0.000526583400250293,2.24999437024866,0.846,0.795,1,1,5830418K08Rik
0.000527551742381047,1.23565891140697,0.923,0.758,1,1,Cks1b
0.000533907453453935,0.960933040598355,1,0.977,1,1,Ndufb8
0.000546705582788437,1.28486089075778,0.885,0.735,1,1,Gpsm2
0.000548077777238761,0.829344374378003,0.962,0.674,1,1,Gins4
0.0005541455841206,2.14297441137837,0.808,0.765,1,1,Nup85
0.00055540602427065,3.72299547982756,0.769,0.515,1,1,Brca2
0.00056207695963195,1.30464591062826,1,0.939,1,1,Khdrbs1
0.000574212863330399,2.03982025307283,0.769,0.561,1,1,Gtse1
0.00057699772513447,0.855580992178401,0.923,0.72,1,1,Ctc1
0.000579680737825956,1.2983233022793,0.885,0.803,1,1,Trim59
0.000582393865147121,1.03059149908403,1,0.992,1,1,Nucks1
0.000602879682521606,0.877903056249853,1,0.977,1,1,Myef2
0.000650716545594922,1.97015854581074,0.885,0.629,1,1,Ankrd32
0.00066718191386757,2.24468918819131,0.885,0.848,1,1,Trim37
0.000667774329967021,1.0108611402111,0.962,0.939,1,1,H2afv
0.000668312150419379,1.09904863701972,1,0.955,1,1,Carhsp1
0.00069537619663113,3.21384634638114,0.731,0.455,1,1,Slc43a3
0.000697153675974125,4.46656028620637,0.769,0.439,1,1,Cenpl
0.000703654095162988,1.46538368610271,0.923,0.803,1,1,Ftsjd2
0.000704578058407086,2.19137392096076,0.885,0.758,1,1,Nup155
0.000715914074390551,0.620243936974144,1,1,1,1,Fam120a
0.000719334578097873,5.74070775836594,0.654,0.364,1,1,Fancl
0.000722509189632171,0.867786530844905,0.808,0.644,1,1,Myo19
0.000731357222961141,0.788647980416137,0.962,0.902,1,1,Gm12504
0.000740177136874762,0.899293647549354,1,0.939,1,1,Uba2
0.000782367276000214,2.07127543638446,0.769,0.485,1,1,Mtbp
0.000806410234277722,0.525311527035536,1,1,1,1,Calm2
0.000840955570427258,0.726178426333033,0.962,0.962,1,1,Anp32b
0.000852956321162846,2.6738218560435,0.577,0.348,1,1,Haus6
0.000857446137225564,2.69097900796955,1,0.879,1,1,Khsrp
0.000918758177527632,0.803073865644096,0.731,0.379,1,1,Piga
0.000992834039709906,0.69052706230988,0.923,0.621,1,1,Notch3
0.00100606687046659,2.21381223388353,0.731,0.47,1,1,Cxcr4
0.00106876079673006,1.40066123008154,1,0.902,1,1,Baz1b
0.0010710752955529,1.91097439712865,0.846,0.705,1,1,Nans
0.0010786970286337,0.806130324173735,0.923,0.78,1,1,Limd2
0.00109727927973806,0.904844734304195,0.962,0.864,1,1,Txndc12
0.00113378792688558,0.954734082498256,0.846,0.606,1,1,Lsm5
0.00115128825361117,1.00736522162306,0.731,0.417,1,1,Plk4
0.00118761184591973,1.50278639906447,0.885,0.864,1,1,Dtymk
0.00120182907278701,0.605322885433868,1,0.924,1,1,Mir684-1
0.0012438488327007,2.12149795440867,0.846,0.652,1,1,Mis12
0.00124487870633998,2.38339056810133,0.5,0.235,1,1,Hist1h2ae
0.00125465141522182,1.36849053023585,0.846,0.697,1,1,Dym
0.0013277605797251,3.74330782316102,0.769,0.591,1,1,Ccne2
0.00137320242314669,0.910029380642122,0.731,0.402,1,1,Lsm11
0.00138105890458741,0.904361361808712,0.962,0.932,1,1,Rangap1
0.00138119372419094,0.568104859452609,0.808,0.598,1,1,Pknox1
0.00140464991673936,0.799304273905556,0.962,0.947,1,1,Polr2g
0.00141981065869073,2.1355596052684,0.654,0.333,1,1,1600002H07Rik
0.00144403843633948,1.40974856458269,0.769,0.576,1,1,Pold2
0.00150490381221847,2.07607605879104,0.808,0.583,1,1,Slc25a10
0.00151708778141374,0.846055359872392,0.769,0.5,1,1,Fxn
0.0016171294974968,1.18138937090149,0.769,0.553,1,1,A830080D01Rik
0.0016575155937566,0.820850698055924,0.962,0.894,1,1,Naa38
0.00166769781148988,1.67717956934445,0.923,0.848,1,1,1500009L16Rik
0.00169115482776083,0.513896562243137,0.962,0.833,1,1,Mast2
0.00172925317316005,1.61707789175135,0.808,0.773,1,1,Slc25a40
0.00174598703863448,1.18449828093931,0.846,0.735,1,1,Rpp30
0.00174691931309384,0.861566115846396,1,0.977,1,1,Ptges3
0.00175829146235688,2.91993995876983,0.808,0.591,1,1,Hjurp
0.00176730432814968,1.84981210484998,0.923,0.667,1,1,Nt5c3l
0.00184775574521016,1.10843140165553,0.923,0.818,1,1,Rbm22
0.00186902946340304,1.55323436849004,0.923,0.773,1,1,G2e3
0.0019129571921812,2.91918145066676,0.538,0.28,1,1,Srd5a1
0.00192483939565904,0.914681280766579,0.577,0.318,1,1,Spdya
0.00194076042407055,1.80038366902951,0.808,0.644,1,1,Sdc1
0.00194549355974842,1.10206047080028,0.923,0.909,1,1,Pom121
0.0019590128761861,1.40804327503826,0.846,0.72,1,1,Nup160
0.00198664599052136,0.646053196971931,0.846,0.659,1,1,Gm16515
0.00201523374748666,0.503349394006778,1,0.992,1,1,Hnrnpk
0.00202829144247099,2.66858946539059,0.846,0.742,1,1,Tada2a
0.0020348200492726,0.97734695751321,0.962,0.841,1,1,Pgp
0.00205240249028331,2.02062991174586,0.615,0.394,1,1,Gins3
0.00205550334397358,1.60678090837239,0.885,0.568,1,1,2610002M06Rik
0.0020802854700002,0.759440271666414,0.962,0.871,1,1,Snrpf
0.00212881420113371,1.47264298967578,0.962,0.962,1,1,Anapc5
0.00214417009967711,1.084612338929,1,0.932,1,1,Idh3g
0.00217803418610977,2.06838734195351,0.769,0.492,1,1,Pradc1
0.00220947215181991,2.54962581206447,0.692,0.462,1,1,Zranb3
0.0022145412070045,1.18676362514471,1,0.992,1,1,Acta2
0.00224800002363577,0.980047403187895,1,0.939,1,1,Snx27
0.00224848789953254,0.561247982120542,1,0.947,1,1,Bub3
0.00224911526527423,1.23928594012018,1,0.962,1,1,Actr1a
0.00225973228722514,2.11781173233408,0.846,0.636,1,1,Usp37
0.0022792394838742,1.07425682026256,0.962,0.856,1,1,Gsk3a
0.00229710478765429,1.19836012532294,0.769,0.523,1,1,Ppwd1
0.00239389209639225,0.641562452811558,0.962,0.97,1,1,Snrpe
0.00239407549847428,0.763431936217335,1,0.97,1,1,Naa50
0.00243169243654535,0.984533286789249,0.962,0.985,1,1,Kpnb1
0.00243174816270081,0.828261808413755,1,0.985,1,1,Cbx5
0.0025562619054688,2.50319611348028,0.731,0.591,1,1,Mdc1
0.00262072658521942,1.35203295735636,0.692,0.424,1,1,Nanos1
0.00264822822454585,0.684043079841308,0.885,0.758,1,1,Rpa3
0.00268746229760702,1.25658755020499,0.885,0.705,1,1,Lsm3
0.00269004871402536,2.70238377462178,0.5,0.273,1,1,Fancd2
0.00275478269947341,0.855650658426875,0.923,0.682,1,1,Exosc6
0.00275765384932425,2.23046396117389,0.923,0.848,1,1,Slc24a5
0.0027712336202175,0.915358309693452,0.962,0.947,1,1,Ctbp1
0.00277473650593736,1.50808512986925,0.654,0.386,1,1,Acy1
0.00277516019544535,2.03139201863267,0.885,0.667,1,1,Nedd1
0.00279434116254479,1.13407795284463,1,1,1,1,Rps15
0.00280418870326676,2.28760417050283,0.5,0.242,1,1,Tgfbr3
0.00281241119380649,1.17816017833772,0.962,0.932,1,1,Cdk4
0.00282230757661905,1.08074457258546,0.654,0.386,1,1,Exog
0.00297080551838735,0.899049903723736,1,1,1,1,Cfl2
0.00298282550267861,1.10565546671137,0.846,0.644,1,1,Rbbp8
0.00301316936398714,0.965400247989667,0.846,0.75,1,1,Tcf3
0.00301626079255772,1.61021726806537,1,0.97,1,1,Dnajc8
0.00311287578854658,3.31650262867718,0.577,0.311,1,1,Prr11
0.0031221434122129,1.18818565503296,0.962,0.848,1,1,AU019823
0.00314454061723898,1.72573859786752,0.962,0.894,1,1,Slc25a23
0.00315637906459919,3.04712499558498,0.731,0.508,1,1,Cpsf4
0.00315738203326168,0.590445164813461,1,0.992,1,1,Srsf3
0.00316301451159706,0.860229844482207,0.846,0.667,1,1,Tmem97
0.00321942927645158,1.49623922940188,0.962,0.902,1,1,Ubac1
0.00325074025653206,1.13920196082174,1,0.924,1,1,Brd8
0.00326618943050287,1.64886874911946,0.538,0.273,1,1,Bcam
0.0033340480011894,1.13597214772099,0.615,0.326,1,1,Ccdc14
0.00334873032378394,3.08706704458568,0.731,0.424,1,1,Tnfaip6
0.00343356723147677,1.66119454883401,0.808,0.591,1,1,Gas2l3
0.00357536558784696,1.14868585923312,0.846,0.667,1,1,Tubgcp2
0.0036035172138491,1.83055268197896,0.654,0.508,1,1,Xrcc2
0.00362606860299699,0.614139603071264,0.962,0.758,1,1,Nfyc
0.00363142054265917,1.9283969017999,0.769,0.614,1,1,D2Wsu81e
0.0036326871704705,1.63175681070463,0.692,0.432,1,1,Fam122b
0.00364639758313791,1.12946658116124,1,0.864,1,1,Acat1
0.0036590077516421,1.45170959598884,0.923,0.826,1,1,Ptrh2
0.00366370341194172,2.9025002703858,0.538,0.28,1,1,Fancg
0.00372756174865997,1.40769015625458,0.885,0.583,1,1,B3galnt1
0.00372930374121307,1.02523397195646,0.885,0.886,1,1,Suz12
0.0038621139355762,1.85385776465442,0.731,0.515,1,1,Rcc1
0.00399805864204048,0.927664465410916,0.769,0.515,1,1,Lmnb2
0.00406298814743282,1.87809797214617,0.731,0.508,1,1,Arhgap22
0.00413019545369669,1.61875059080882,0.808,0.682,1,1,Kitl
0.00414022404088346,3.72831491742418,0.846,0.75,1,1,Hsf2
0.0041507267383956,0.573664013022134,0.846,0.712,1,1,Mzt2
0.00418187453711102,1.09355196586647,0.885,0.909,1,1,Vbp1
0.00418867110554612,0.691329563787772,0.769,0.515,1,1,Slx4
0.00420482557881899,2.55393766366309,0.692,0.47,1,1,Tmem177
0.00422409521355817,1.53628646859702,0.692,0.447,1,1,Dsn1
0.00423677807072203,1.31622895014583,0.923,0.886,1,1,Fam216a
0.00426044360769612,0.713581232937912,1,0.977,1,1,Set
0.00428298928073992,2.32443656293601,0.615,0.348,1,1,C530008M17Rik
0.00428371855750814,2.88278140888738,0.731,0.492,1,1,Ccdc61
0.0043188223762595,2.05301472429152,0.654,0.432,1,1,Hap1
0.0043881677448331,0.900051237476858,1,0.985,1,1,Arpp19
0.00444399615512292,1.13866325642642,0.885,0.697,1,1,Zic4
0.00448145231923034,1.36602315916596,0.885,0.727,1,1,Lsm7
0.00449947176070701,1.62663235039395,0.769,0.78,1,1,Rnf26
0.00452777707276225,1.95354525232106,0.962,0.788,1,1,Ift80
0.00458093523214168,4.96859889199121,0.692,0.523,1,1,Nek3
0.00458348508555228,1.654328367573,0.692,0.462,1,1,Mdga1
0.0046487576196707,0.900493625099867,1,0.924,1,1,Cdc123
0.00465613124444214,2.38056473697872,0.615,0.348,1,1,Fam72a
0.00473562973203603,1.70435849415553,0.962,0.886,1,1,Mtif2
0.00474691415386719,1.65110016977925,0.538,0.265,1,1,Nrarp
0.00476299999605149,2.07030508637383,0.577,0.364,1,1,Slc9a5
0.00478795652844685,1.63140836127482,1,0.773,1,1,Gxylt1
0.00478936741147067,1.83753347169553,0.731,0.629,1,1,Mthfd2
0.00479110989830179,1.28250259522836,0.5,0.227,1,1,Amd1
0.00490882960578194,2.77692193401618,0.654,0.409,1,1,Wdr62
0.00493413427614232,0.612647072167709,1,0.992,1,1,Ptma
0.00496547297661439,1.33914744932522,0.846,0.652,1,1,Nxt1
0.00504581669632566,1.33952429939694,0.538,0.28,1,1,3010026O09Rik
0.00512137833363212,1.11793609799905,0.923,0.879,1,1,Agps
0.00515417765869247,0.527774179576675,1,0.985,1,1,Cdk2ap1
0.00516586219235026,1.44581178811068,0.846,0.811,1,1,Iqgap2
0.00521485687713668,1.00891914004158,0.615,0.371,1,1,Smtn
0.00529222470860033,1.49637255290796,0.923,0.826,1,1,Gps1
0.00531325833850334,1.44432896337588,0.808,0.697,1,1,Rfwd3
0.00538032041740582,1.71268012180656,0.692,0.561,1,1,Nup43
0.00539372008025146,2.26686302019912,0.885,0.674,1,1,Vars
0.00553953004409773,0.680977945647375,0.923,0.97,1,1,Ndufs4
0.00554788550961614,1.3764316605621,0.885,0.848,1,1,Hspa13
0.00562117275512597,0.638112650492367,1,1,1,1,Rpsa
0.00578381371049974,1.46168045971083,0.846,0.803,1,1,Srm
0.00580010273352542,2.23567069988232,0.885,0.803,1,1,Atm
0.0058418035193025,3.35187929975981,0.654,0.5,1,1,4632434I11Rik
0.00588649308176344,1.08777812220384,0.808,0.689,1,1,Fam110a
0.00597260485016986,4.07020329683559,0.808,0.674,1,1,L3mbtl2
0.00607660159553946,1.27093425811545,0.5,0.273,1,1,N4bp3
0.00612596834910553,0.548523817877704,1,1,1,1,Rpl35
0.0061494813886193,0.984803780430397,0.654,0.462,1,1,Cep152
0.00620347127260087,1.65568642201578,0.846,0.72,1,1,Ube2s
0.00623401157936965,0.72242790010918,0.885,0.682,1,1,Ppih
0.00632572408425523,1.42435654065985,0.923,0.735,1,1,Znhit3
0.00646580340806837,1.60484032903589,0.846,0.682,1,1,Slbp
0.0065407890879452,1.26831770319517,0.885,0.765,1,1,Nelfcd
0.00656369759631444,0.758226498811684,0.962,0.818,1,1,Sox11
0.0066689060816785,1.17356379931046,0.923,0.962,1,1,Yipf5
0.00672564539040421,2.24471193862765,0.769,0.773,1,1,Cep192
0.00686883009862024,2.39423650057389,0.731,0.614,1,1,Alg13
0.00699192434901214,1.39276015196397,0.962,0.848,1,1,Erdr1
0.00700865793712713,0.508331009348455,0.962,0.977,1,1,Cand2
0.00706678767728246,0.774636767776467,0.962,0.689,1,1,Dvl2
0.00710860920773681,0.769250116558,1,0.856,1,1,Fkbp2
0.00717026689321381,1.40439760966485,1,0.826,1,1,Ubald2
0.0071971908941632,4.69134352923085,0.731,0.515,1,1,Cenpo
0.00725758067471632,1.90136603455137,0.885,0.712,1,1,Nup35
0.00728569697766364,0.686036934931059,0.808,0.538,1,1,Grwd1
0.00729956718017969,0.738062837264653,0.885,0.773,1,1,Atxn1l
0.00731885785875476,0.860258216299916,1,0.864,1,1,Nup153
0.0073256979334724,0.704082010028152,1,0.871,1,1,Fxyd6
0.00745683304901862,0.802081995645995,0.885,0.811,1,1,Osgep
0.00757107727996339,0.90974332887727,1,0.985,1,1,Ppp1ca
0.00757443318193699,0.768927454909677,0.808,0.568,1,1,Net1
0.0076516374695197,0.739183799083361,0.962,0.894,1,1,2700029M09Rik
0.00765235374689018,1.12530102799405,0.615,0.394,1,1,Stag3
0.00767754691154548,0.620503979990648,1,1,1,1,Lgals1
0.00769909914975365,2.5219998412911,0.692,0.432,1,1,Nfatc2ip
0.00781197596586003,1.14883682857578,0.846,0.811,1,1,Cep57
0.00784606230638547,0.904178341154828,0.962,0.78,1,1,Pde6d
0.00787721404202577,1.26958152326116,0.885,0.924,1,1,Thyn1
0.00789177629038557,0.618649002711731,0.962,0.955,1,1,Ckap5
0.00806785240688999,2.57290658281761,0.654,0.462,1,1,Eefsec
0.00807001200361055,0.711374433077355,0.923,0.879,1,1,Nsmce1
0.00831110123177489,3.42340961274923,0.654,0.462,1,1,Bai1
0.00839943174048097,1.22708831154376,0.885,0.682,1,1,Rnaseh2b
0.00844647956775279,1.29897989835229,0.885,0.788,1,1,Zfp800
0.00845241639898208,1.50740963834246,0.808,0.735,1,1,Cenpc1
0.00848018848968963,1.30107003186229,0.808,0.795,1,1,Eif1ad
0.00850507068654545,1.321970763138,0.962,0.917,1,1,Mbd3
0.00866885519334117,0.690872664176673,0.923,0.902,1,1,Ap3b1
0.0086968575357953,0.82085211644388,1,0.97,1,1,Ndufa12
0.00877015247393307,1.09288339942609,0.962,0.803,1,1,Lnp
0.00878720134604096,0.96430076194138,0.962,0.841,1,1,Zcchc8
0.00917658337843631,2.8063893105771,1,0.917,1,1,Taf5
0.00922389071202952,1.09877989683945,0.846,0.811,1,1,Rif1
0.00930254755639532,0.783433267512805,0.962,0.773,1,1,Cenpt
0.00931458097569531,0.548349910912568,1,0.977,1,1,Ctbp2
0.00933238304996359,0.566175193180009,0.923,0.705,1,1,Nup188
0.00937512530637119,3.41489194225386,0.885,0.773,1,1,Il31ra
0.0095278440476088,0.718253983835878,0.962,0.879,1,1,Pgls
0.00957252157831635,0.957455754475452,1,0.992,1,1,Arl6ip1
0.00964979764479738,2.47750973772664,0.769,0.705,1,1,Ccp110
0.00969913093214196,1.00847646479903,0.885,0.811,1,1,Lbr
0.0099709811984103,0.603868029245455,1,0.985,1,1,Txnrd1
7.32840720922476e-18,11.4386997458087,0.75,0.067,1.05433794519117e-13,2,Rac2
8.90704282017377e-18,11.590631327445,0.708,0.052,1.2814562505384e-13,2,Ctla2b
1.03658626134787e-17,7.66341710920499,0.792,0.09,1.49133665420117e-13,2,Itgb2
2.03090264421772e-17,6.21850323398113,0.875,0.142,2.92185963423603e-13,2,Ms4a6d
2.44073952728667e-17,9.96648476610017,0.833,0.119,3.51149195790734e-13,2,Inpp5d
3.92544175183983e-17,7.71639632505864,0.708,0.06,5.64753304837197e-13,2,Hcls1
4.29019335548511e-17,11.0066834763756,0.833,0.119,6.17230118053642e-13,2,Clec4d
5.99612269027661e-17,8.41761249159006,0.625,0.03,8.62662171450096e-13,2,Dennd1c
1.09431240543889e-16,10.0458099312935,0.667,0.045,1.57438725770494e-12,2,Neurl3
1.34284505686452e-16,11.0069044610764,0.792,0.112,1.93195118331098e-12,2,Fcgr3
3.68763481921712e-16,7.25515749676676,0.792,0.119,5.30540021440767e-12,2,C1qc
3.69379251910026e-16,5.88439041637939,0.708,0.06,5.31425929722954e-12,2,Fes
4.16431197048091e-16,8.04833624016235,0.833,0.149,5.99119563193088e-12,2,Fcrls
4.91238017919537e-16,8.29015042070486,0.833,0.134,7.06744136380838e-12,2,Hpgd
5.27586036943629e-16,5.1739320517311,0.75,0.082,7.59038031350799e-12,2,AF251705
8.09516271442101e-16,9.14546549708225,0.75,0.097,1.16465105972375e-11,2,Ccl3
9.07377572041228e-16,8.56569482114927,0.75,0.097,1.30544411289571e-11,2,Cd52
1.1767506776156e-15,5.65303837874615,0.792,0.112,1.69299119988557e-11,2,Lat2
1.38037919434825e-15,11.5492318752335,0.75,0.104,1.98595154690883e-11,2,Tlr7
1.44593194215133e-15,6.80419263637591,0.833,0.149,2.08026228517312e-11,2,Csf1r
1.53172003470705e-15,7.94579417304751,0.708,0.075,2.20368561393304e-11,2,Selplg
1.62607801546848e-15,7.85390186118399,0.708,0.075,2.33943844085451e-11,2,Hhex
2.02142452929487e-15,10.0206691052491,0.792,0.134,2.90822347029653e-11,2,Trem2
2.46729633196218e-15,7.77918282179384,0.708,0.075,3.54969923279398e-11,2,Rgs1
3.99218906219343e-15,9.98336807380607,0.792,0.134,5.74356240377769e-11,2,Gp49a
6.82033136889955e-15,6.47986867138031,0.708,0.082,9.81241074043578e-11,2,Csf2rb
8.24241790278451e-15,6.18824564294378,0.792,0.134,1.18583666367361e-10,2,Ccl9
9.89192552645842e-15,7.57883442222536,0.75,0.119,1.42315132549157e-10,2,Evi2b
1.14386449721007e-14,5.66003925334716,0.583,0.037,1.64567785213613e-10,2,Ucp2
1.17611797891635e-14,8.63730956119914,0.625,0.052,1.69208093626695e-10,2,Ccl4
1.28028688310614e-14,7.54705619144934,0.75,0.112,1.84194873872481e-10,2,Tbxas1
1.30184107941793e-14,5.44122482109194,0.833,0.164,1.87295876095858e-10,2,Ly86
1.41824703392806e-14,10.2555294349501,0.708,0.097,2.0404320077123e-10,2,Pik3cd
1.70707959771143e-14,6.39683497786181,0.792,0.142,2.45597541722743e-10,2,C1qa
2.79481681767587e-14,8.26486666775415,0.792,0.149,4.02090295559027e-10,2,Fyb
2.81038196503112e-14,9.76513274867849,0.667,0.067,4.04329653309027e-10,2,Irf5
3.23599559887158e-14,11.5902216143431,0.75,0.127,4.65562686809655e-10,2,AI607873
4.56209765965496e-14,4.74885072465481,0.833,0.149,6.5634899029456e-10,2,Fli1
4.75326927196458e-14,9.53968837521704,0.667,0.082,6.83852850157544e-10,2,Bcl2a1d
5.00117402061783e-14,6.6651136527629,0.708,0.097,7.19518906346287e-10,2,C5ar1
5.43502677157199e-14,10.0531571219693,0.75,0.134,7.81937301626063e-10,2,Wfdc17
6.81145850285092e-14,4.11841856949389,0.667,0.075,9.79964534805161e-10,2,Clec5a
8.7044504986719e-14,6.5559080908945,0.583,0.045,1.25230929324393e-09,2,Pf4
9.79150860570157e-14,9.12905402121976,0.625,0.06,1.40870434310228e-09,2,Fgd2
1.03562138744682e-13,6.76847494245587,0.833,0.209,1.48994849011974e-09,2,Cd53
1.23533425760975e-13,9.53129482620433,0.667,0.09,1.77727539642315e-09,2,Ms4a6c
1.47971280228384e-13,8.46095641655203,0.708,0.104,2.12886280864576e-09,2,Ctla2a
1.57221137070905e-13,8.59355248530919,0.875,0.254,2.26194049903911e-09,2,C3ar1
1.63348637804971e-13,4.91609301258572,0.792,0.157,2.35009685210012e-09,2,Clec12a
1.87961722764174e-13,5.71800886490268,0.833,0.201,2.70420530540817e-09,2,C1qb
2.33078989354366e-13,8.35060218425013,0.875,0.246,3.35330741984127e-09,2,Cx3cr1
3.29085365615458e-13,5.36492709761286,0.667,0.09,4.73455115510959e-09,2,Ms4a6b
3.66552893631491e-13,3.50529756406673,0.667,0.09,5.27359648067627e-09,2,Pld4
3.67397436553768e-13,6.41111043984891,0.75,0.149,5.28574691969906e-09,2,Lyz1
4.47889435707391e-13,9.06874022811735,0.792,0.187,6.44378531152223e-09,2,Evi2a
4.7208851326071e-13,9.77305339110457,0.625,0.075,6.79193744028183e-09,2,Arl11
5.28327193761167e-13,6.65997049298245,0.708,0.112,7.6010433366419e-09,2,Cd48
5.4656708604987e-13,8.01902538308589,0.583,0.052,7.86346066699949e-09,2,Alox5ap
5.85437011036187e-13,6.79895836010656,0.917,0.336,8.42268227777763e-09,2,Ctss
7.43831639933383e-13,8.63443570327539,0.708,0.127,1.07015058037216e-08,2,Hmha1
7.78142665872019e-13,9.71150909237734,0.667,0.097,1.11951385339007e-08,2,Irf8
8.99078316468577e-13,3.00416850795107,0.75,0.134,1.29350397390334e-08,2,Ncf1
9.12304447429194e-13,7.8179605494131,0.583,0.06,1.31253240851638e-08,2,Hk3
9.98686419867232e-13,7.67220184306576,0.708,0.127,1.43681015226299e-08,2,Vav1
1.02270488960655e-12,5.0809358740781,0.792,0.149,1.47136552467695e-08,2,Lpxn
1.19427658616546e-12,4.99103758107918,0.792,0.164,1.71820572451624e-08,2,Dock2
1.20008200289905e-12,8.03961036608984,0.792,0.209,1.72655797757086e-08,2,Nckap1l
1.24918400561301e-12,6.16061176701859,0.833,0.239,1.79720102887544e-08,2,Fcer1g
1.31051486892964e-12,8.58231301017487,0.667,0.097,1.88543774192908e-08,2,Coro2a
1.34529812639761e-12,6.46321551485081,0.875,0.291,1.93548041444824e-08,2,Laptm5
1.50045716247336e-12,8.7141964618378,0.833,0.246,2.15870771965042e-08,2,Emr1
2.0435685832998e-12,5.04868770961622,0.917,0.336,2.94008212079342e-08,2,Apbb1ip
2.12504922346537e-12,6.74925743116183,0.917,0.343,3.05730831779963e-08,2,Mpeg1
2.14072303766579e-12,6.42270188405646,0.958,0.418,3.07985823428977e-08,2,Stab1
2.15873470455791e-12,6.31519384656545,0.75,0.164,3.10577161944746e-08,2,Hvcn1
2.28128046389374e-12,6.87374167853277,0.708,0.127,3.28207820340392e-08,2,Arap3
2.84812330633969e-12,6.4651985701224,0.625,0.082,4.09759500083091e-08,2,Cyth4
3.52706189615341e-12,6.95300241515351,0.625,0.09,5.0743839499959e-08,2,Tnfaip8l2
3.59442495753405e-12,9.58163338276231,0.792,0.231,5.17129918640424e-08,2,Ms4a7
3.61238744452835e-12,6.79948817084559,0.833,0.231,5.19714181644294e-08,2,Ptprc
3.77692155915207e-12,6.79203019769677,0.792,0.216,5.43385704715209e-08,2,Itgam
4.065808439276e-12,6.95476511658864,0.75,0.142,5.84947860158638e-08,2,Ptpn18
4.47979420971416e-12,6.91189800572392,0.833,0.269,6.44507992951577e-08,2,Tyrobp
5.20519861801525e-12,8.06511149620024,0.667,0.112,7.48871925173854e-08,2,Tlr13
5.24673286167375e-12,5.79128899138919,0.583,0.067,7.54847456809003e-08,2,Coro1a
5.26167058062906e-12,7.2603625835062,0.667,0.104,7.56996546435104e-08,2,Arhgap25
5.38689658031299e-12,4.83799851313532,0.625,0.082,7.75012811009629e-08,2,Ch25h
8.84843605220291e-12,3.51081029050937,0.833,0.216,1.27302449483043e-07,2,Rnf128
1.05692369503045e-11,7.25454353089864,0.708,0.157,1.52059612004031e-07,2,Slc11a1
1.13273364571391e-11,5.07034495848472,0.833,0.276,1.6296638960886e-07,2,Cybb
1.17938948936181e-11,7.81274776995188,0.792,0.224,1.69678765834484e-07,2,Myo1f
1.43574961860667e-11,8.95382961834944,0.625,0.097,2.06561297628941e-07,2,Ccl5
1.52845046272614e-11,10.1225635528895,0.542,0.06,2.19898168072409e-07,2,Tnf
1.60103174471282e-11,3.98080150323552,0.75,0.164,2.30340437111834e-07,2,Ncf2
1.65823654340395e-11,9.26156162265433,0.625,0.09,2.38570491499526e-07,2,St8sia4
1.78159917691545e-11,7.85438882849941,0.792,0.254,2.56318673582826e-07,2,Lilrb4
1.81051873356581e-11,8.61317585116852,0.542,0.06,2.60479330198113e-07,2,Fcgr1
1.85427272330638e-11,4.49251431566253,0.542,0.052,2.66774216702089e-07,2,Slamf9
2.02625424886561e-11,8.05418694373997,0.542,0.06,2.91517198784296e-07,2,Samsn1
2.1049040685829e-11,7.79459953763079,0.708,0.164,3.02832548347022e-07,2,Bcl2a1b
2.22520769667591e-11,4.86918228414326,1,0.567,3.20140631320764e-07,2,Spp1
2.61242343577453e-11,9.21614301073444,0.625,0.097,3.75849359704882e-07,2,Bin2
3.46216987993727e-11,7.04758171223441,0.958,0.507,4.98102380626576e-07,2,Lyz2
3.50292144125724e-11,8.33051844513977,0.667,0.127,5.03965307753679e-07,2,Aif1
3.56033424906758e-11,6.36324337318077,0.75,0.179,5.12225288413353e-07,2,Fam105a
3.66827740317621e-11,5.99048704423062,0.667,0.127,5.27755069994962e-07,2,Ptpn7
3.94525222516937e-11,8.29338017589355,0.875,0.418,5.67603437635118e-07,2,Cd72
5.06747914636731e-11,4.79892139895157,0.75,0.194,7.29058224787865e-07,2,Msr1
6.20930561342949e-11,7.73750713377071,0.583,0.09,8.93332798604101e-07,2,Slfn2
6.8407629269321e-11,2.36577511475287,0.708,0.127,9.84180562297722e-07,2,Cmtm7
7.0112349708884e-11,4.37414710326938,0.792,0.261,1.00870637526171e-06,2,Slc15a3
8.45053094268981e-11,5.98890472332952,0.792,0.254,1.21577788672478e-06,2,Cd84
9.047717575354e-11,9.73466485713674,0.667,0.142,1.30169512756618e-06,2,Gpr65
9.53052694404651e-11,4.6252847642202,0.542,0.06,1.37115691143997e-06,2,Rasal3
1.22085465316491e-10,2.65351207294503,0.917,0.358,1.75644358950836e-06,2,Casp1
1.22154737263002e-10,5.2257194098892,0.708,0.157,1.75744020500281e-06,2,Ikzf1
1.30081395610863e-10,7.69465207505448,0.833,0.313,1.87148103865348e-06,2,Cd14
1.42547244346326e-10,11.1019733549934,0.667,0.149,2.0508272044106e-06,2,Blnk
2.01773942950502e-10,5.63915626713085,0.792,0.261,2.90292171722887e-06,2,Cd68
2.30839603022388e-10,4.00391618410839,0.792,0.201,3.32108936868309e-06,2,Cfh
2.67230134639269e-10,4.33243740962312,0.708,0.172,3.84463994705517e-06,2,Arhgdib
2.8807363242345e-10,4.94581045218192,0.667,0.134,4.14451534967618e-06,2,Hck
3.27454298070262e-10,5.53323656344042,0.5,0.06,4.71108498633686e-06,2,Gpsm3
3.32508564382871e-10,2.86525510425796,0.667,0.127,4.78380071577637e-06,2,Myo1g
3.48168040438679e-10,6.05869682028881,0.667,0.157,5.00909359779128e-06,2,Ptpn6
3.50063843090497e-10,7.63667827273785,0.542,0.075,5.03636851054298e-06,2,Cd83
4.44161115313533e-10,2.0577334635472,0.542,0.067,6.3901459660158e-06,2,Havcr2
5.45988050232374e-10,5.11202211920382,0.792,0.261,7.85513007869316e-06,2,Lair1
5.51408170693516e-10,2.29195755703318,0.542,0.075,7.93310935176762e-06,2,Lst1
5.60540235448755e-10,9.01370278081674,0.625,0.119,8.06449236740124e-06,2,Epsti1
6.585269135541e-10,4.92126453175472,0.667,0.149,9.47422670530284e-06,2,Adcy7
7.36198325609246e-10,4.70021603130177,0.792,0.239,1.05916853105402e-05,2,Olfml3
8.07685107221328e-10,3.11127383950937,0.875,0.351,1.16201656375932e-05,2,Nrp2
9.2446084355516e-10,5.56901473819873,0.708,0.216,1.33002181562281e-05,2,Clec7a
1.081659000085e-09,2.9420605229575,0.708,0.164,1.55618280342229e-05,2,Unc93b1
1.0852690415716e-09,3.35210827633471,0.625,0.119,1.56137657010906e-05,2,Elf4
1.33694805595345e-09,7.1617681573496,0.792,0.336,1.92346716810023e-05,2,Lcp1
1.43377676779633e-09,3.25396411227374,0.625,0.127,2.06277463582857e-05,2,Cd300ld
1.46901233833539e-09,4.95449323488037,0.792,0.313,2.11346805116313e-05,2,Plek
2.03631458880073e-09,5.92019233306983,0.833,0.381,2.92964579890762e-05,2,Hpgds
2.42356160420101e-09,2.72472572214172,0.5,0.06,3.48677807996399e-05,2,Gsdmd
2.44414352268096e-09,9.675729890443,0.5,0.067,3.5163892860811e-05,2,Cd200r4
2.44521020530662e-09,2.86374348296082,0.708,0.201,3.51792392237464e-05,2,Fxyd5
2.51076879804248e-09,2.27499226511757,0.75,0.187,3.61224306974372e-05,2,Klhl6
3.07785370276167e-09,7.18664774296787,0.75,0.269,4.42810812216322e-05,2,Mafb
3.34621251350707e-09,1.97909152624778,0.75,0.209,4.81419594318262e-05,2,Rasa4
3.61974252607496e-09,5.3244374698387,0.625,0.119,5.20772357226404e-05,2,Ang
3.71067036511754e-09,8.36349143970329,0.792,0.366,5.3385414542946e-05,2,Milr1
4.0620833387201e-09,5.46861769349002,0.792,0.291,5.84411929941661e-05,2,Cxcl16
4.23282881871983e-09,6.44988351570558,0.5,0.067,6.08977082149222e-05,2,Nfam1
4.77170895586751e-09,6.80223652351424,0.708,0.209,6.86505767480659e-05,2,Cd36
5.78835178365145e-09,7.46263270501721,0.792,0.41,8.32770171113934e-05,2,Glipr1
6.31122298988607e-09,7.27166433975188,0.792,0.321,9.07995651554909e-05,2,Adam8
7.28483807753281e-09,9.13109883558134,0.667,0.209,0.000104806965421465,2,Arhgap30
7.82546455685939e-09,7.92636224955898,0.583,0.134,0.000112584958579536,2,Lcp2
7.89593239771437e-09,3.06880335415147,0.708,0.187,0.000113598779405917,2,Apobr
8.73867285947234e-09,11.6951546799844,0.5,0.082,0.000125723286429229,2,Lrmp
9.08559780980608e-09,2.93130972012611,0.667,0.157,0.00013071449568968,2,Adssl1
1.07451520095572e-08,8.8924831318156,0.5,0.075,0.0001545905019615,2,Lcn2
1.08476357195692e-08,8.46467855582445,0.583,0.142,0.000156064935097443,2,Pik3cg
1.1030912538193e-08,6.15319638087172,0.5,0.082,0.000158701738686982,2,Pik3r5
1.21030029108966e-08,7.07470347188051,0.5,0.082,0.00017412590287907,2,Adap2
1.23423497905735e-08,4.27805898265826,0.583,0.119,0.000177569386436981,2,Mmp12
1.38773610459759e-08,3.5244501443801,0.625,0.142,0.000199653593368455,2,Ptger4
1.49456071027051e-08,4.24505687851468,0.5,0.075,0.000215022449386618,2,Smagp
1.51099485071568e-08,3.73489139550202,0.667,0.187,0.000217386829172465,2,Sh3bp2
2.47068084484633e-08,4.99405108077049,0.75,0.239,0.000355456853148041,2,Gmip
2.51383630814698e-08,3.42489487134107,0.667,0.187,0.000361665629653106,2,Cebpa
2.60399179237094e-08,6.22971822820599,0.542,0.104,0.000374636299168407,2,Fam129a
2.73300638436093e-08,6.18239688955005,0.625,0.172,0.000393197628518007,2,Naip2
2.81143008930791e-08,1.33189279885296,0.667,0.172,0.000404480446948729,2,Cd300a
3.47772507907343e-08,2.333361813132,1,0.948,0.000500340307126294,2,Sh3bgrl3
4.58140349478905e-08,3.71301823979233,0.625,0.157,0.000659126520795301,2,Trpv2
4.87384927121675e-08,3.73626877931394,0.583,0.149,0.000701200694649953,2,Csf2rb2
5.21538302522072e-08,3.96494604565331,0.75,0.276,0.000750337155838505,2,Srgn
5.72605245077672e-08,3.84478372655739,0.625,0.164,0.000823807166093246,2,Lrrc33
6.02178604240328e-08,9.49525270687295,0.5,0.097,0.000866354357920559,2,Naip5
7.61536369921819e-08,3.48309772573512,0.583,0.142,0.00109562237540652,2,P2ry6
8.44283343228678e-08,2.49771317448154,0.75,0.299,0.0012146704459031,2,Arid3a
8.45991481030035e-08,5.26757298187472,0.75,0.321,0.00121712794375791,2,Lmo2
1.41425608769446e-07,4.84359136121743,0.542,0.119,0.00203469023336602,2,5430427O19Rik
1.46842640861324e-07,3.73408141619708,0.75,0.299,0.00211262507407187,2,Tnfrsf1b
1.83179614832505e-07,8.80776534983918,0.583,0.157,0.00263540511859525,2,Was
2.02860100089189e-07,3.53923545988548,0.542,0.112,0.00291854825998316,2,Crym
2.19838360415891e-07,3.29457100567463,0.75,0.276,0.00316281449130342,2,F11r
2.5085816967622e-07,3.27799970261724,0.625,0.172,0.00360909648713178,2,Phf11d
2.62082897094087e-07,5.55496723454491,0.833,0.5,0.00377058664049262,2,Gpnmb
2.9592754997432e-07,2.02851098182393,0.625,0.194,0.00425750966148054,2,Casp4
2.99256584498753e-07,2.6132903736381,0.542,0.112,0.00430540448118356,2,Gngt2
3.71212193251376e-07,2.613115043716,0.667,0.179,0.00534062982430754,2,Hlx
4.1874364079749e-07,3.55110887439162,0.75,0.299,0.00602446476015348,2,Slc37a2
4.598618915847e-07,1.4903413219921,0.583,0.157,0.00661603303422908,2,Mb21d1
5.13666479369614e-07,8.79696969580999,0.542,0.157,0.00739011963869064,2,Igsf6
5.16427159623463e-07,3.1570033881826,0.667,0.224,0.00742983754550277,2,Slc16a10
5.5990379152185e-07,5.82520201895019,0.833,0.642,0.00805533584862486,2,Igf1
6.18430928174316e-07,2.65436630984895,0.542,0.134,0.00889736576364389,2,Chst1
6.19404832383731e-07,1.25522653295262,0.667,0.216,0.00891137732350473,2,Tlr2
6.19533477769149e-07,4.66090727543885,0.708,0.299,0.00891322814466474,2,Gatm
6.33869808767475e-07,3.94145603703807,0.708,0.261,0.00911948493873767,2,Pon3
6.33983197481737e-07,2.56868553910825,0.583,0.142,0.00912111626216975,2,Slc40a1
6.97442448460452e-07,3.24514743354135,0.708,0.254,0.0100341045060005,2,4930506M07Rik
7.29422501953563e-07,4.0183549832027,0.75,0.343,0.0104942015356059,2,Trf
7.47926804694974e-07,1.56453002080878,1,1,0.0107604229391466,2,Sdcbp
7.5893707913907e-07,2.67784944746804,0.75,0.306,0.0109188277575738,2,Rbm47
8.55031299877949e-07,2.55781103281214,0.583,0.157,0.0123013353113441,2,Pygl
8.69989969890549e-07,4.91065552299175,0.708,0.269,0.0125165456968153,2,Tnfrsf11a
1.12320232038944e-06,1.96619909003602,0.708,0.254,0.0161595117834429,2,Ifi204
1.23367439925026e-06,4.75437257702467,0.708,0.246,0.0177488735820135,2,Gmfg
1.30828701455643e-06,2.31483199725249,0.75,0.291,0.0188223252784234,2,Tmem106a
1.34929825340046e-06,1.80428229554807,1,0.955,0.0194123539716724,2,Wdr89
1.51264502905967e-06,2.71315271676178,0.917,0.672,0.0217624240330815,2,Ell2
1.68862256768165e-06,3.04704870897532,0.583,0.172,0.0242942128812359,2,Rftn1
1.79048742057302e-06,3.256452162126,0.625,0.216,0.025759742519784,2,Gcnt1
1.80583735571168e-06,2.39455452967322,0.625,0.194,0.025980582036624,2,A630001G21Rik
2.01560396530886e-06,5.22800343917023,0.667,0.313,0.0289984942488985,2,Dock8
2.74241865692012e-06,2.82045852882107,0.792,0.388,0.0394551772171098,2,Plxnc1
3.32329996200381e-06,4.43714178475241,0.583,0.179,0.0478123165533487,2,Kcnj2
3.67860493516277e-06,1.02530772608972,1,1,0.0529240892021868,2,Rps28
3.98822071699353e-06,3.32642137918838,0.667,0.291,0.0573785314553859,2,Fermt3
4.45652699035195e-06,4.85034007937489,0.5,0.127,0.0641160538101936,2,Rab3il1
4.75145097738241e-06,1.127443376086,1,1,0.0683591252116008,2,Tmsb4x
5.06094259053491e-06,4.07452242447165,0.917,0.851,0.0728117810500258,2,Lpl
5.35637776375434e-06,2.7025735186176,0.792,0.455,0.0770622068871336,2,Rnase4
5.69533172859135e-06,2.52144595306189,0.542,0.149,0.0819387375792438,2,Fmnl1
5.98361090852496e-06,0.602793328186535,0.583,0.179,0.0860862101409486,2,Arhgef3
6.15129933570598e-06,2.52194787647003,1,0.612,0.0884987435428019,2,Zfp36
6.47605539219467e-06,4.02052709599853,0.75,0.47,0.0931710089275047,2,Rgs10
6.76696347179867e-06,1.43706293859896,0.667,0.224,0.0973563034687675,2,Syce2
7.20298549427411e-06,2.7575781297529,0.625,0.216,0.103629352306122,2,Lsp1
7.37814025269367e-06,1.18371812540219,0.875,0.552,0.106149303815504,2,Fnip2
9.20189511173612e-06,3.43695789588349,0.542,0.149,0.132387664972548,2,Pyhin1
9.30701298884428e-06,0.857198234264699,0.75,0.254,0.133899995870503,2,Cdk18
9.35762401089001e-06,5.80962969045901,0.583,0.231,0.134628136644675,2,Wdfy4
9.66753764749988e-06,4.04237959301915,0.792,0.44,0.139086864134581,2,Arrb2
1.02631707889845e-05,2.79874478523083,0.75,0.478,0.147656238141121,2,Cyba
1.1368062609994e-05,4.91798452881952,0.542,0.179,0.163552316769984,2,Lgals9
1.31840721195486e-05,3.01274733750285,0.5,0.134,0.189679245583946,2,Isyna1
1.45220004609409e-05,2.79930849389228,0.542,0.164,0.208928020631557,2,Arhgap19
1.77800582448552e-05,3.98830101986102,0.542,0.187,0.255801697968732,2,Ly6e
1.86683419784818e-05,2.23466055179798,0.792,0.448,0.268581436044418,2,Ehbp1l1
1.9788347144557e-05,4.38783432518076,0.583,0.231,0.284694950368742,2,Pkib
2.05628358127289e-05,1.43994917052225,0.583,0.194,0.295837518837731,2,Uba7
2.08352159729692e-05,1.43874192872672,1,1,0.299756252203107,2,Rpl23
2.17283130378807e-05,2.89349297569308,0.833,0.545,0.312605239675989,2,Lhfpl2
2.22313994876565e-05,1.25118576879592,1,1,0.319843144428915,2,Fth1
2.57217405498221e-05,1.4772264723413,0.5,0.134,0.370058681290291,2,1700012D01Rik
2.58454471209359e-05,0.795404742831718,0.542,0.172,0.371838447728905,2,Erich2
2.58454471209359e-05,1.34680699585734,0.542,0.172,0.371838447728905,2,Mylip
2.59994905158061e-05,2.5005700334008,0.875,0.642,0.374054670050902,2,Il10rb
2.96991259632768e-05,3.78197385132859,0.667,0.321,0.427281325233663,2,Pycard
3.2136850566694e-05,6.25807714651821,0.583,0.231,0.462352869103026,2,Prdm1
3.26690254185141e-05,1.20023496887707,1,1,0.470009268696163,2,Sdc2
3.53799461340432e-05,4.16868990302214,0.875,0.515,0.509011285030479,2,Frrs1
3.53799461340432e-05,1.4630617096089,0.792,0.53,0.509011285030479,2,Rasgrp3
3.55718415342436e-05,2.75448070743911,0.708,0.358,0.511772084153163,2,Slc7a8
3.63412482726514e-05,1.15929484723548,0.625,0.231,0.522841538898636,2,Fam60a
4.37019667890808e-05,2.18998100113689,0.542,0.194,0.628740196194506,2,Ppfia4
4.45367089491319e-05,2.87122868826597,0.542,0.209,0.64074963165116,2,Tnfaip2
4.46520002758603e-05,2.84855949667301,0.583,0.216,0.642408327968803,2,Slc2a6
4.52900185615442e-05,3.67317348059638,0.583,0.231,0.651587497044937,2,Mnda
4.71445883685076e-05,3.02348144192503,0.833,0.575,0.678269192857719,2,5430435G22Rik
5.02460570424586e-05,3.14411406534043,0.625,0.284,0.722890022669852,2,Gas7
5.12248711568133e-05,3.1928652266286,0.542,0.179,0.736972221333073,2,Ifi27l2a
5.35243093497697e-05,2.52598676459824,0.5,0.157,0.770054238615137,2,Bhlhe22
5.72401733956359e-05,3.79249762879832,0.625,0.276,0.823514374643014,2,Zc3hav1
6.19404080656085e-05,3.2005469743346,0.625,0.246,0.891136650839909,2,Fabp3
6.68152862655811e-05,4.14663531352607,0.542,0.187,0.961271523502916,2,Dkk2
6.91464951963766e-05,1.01748538981301,0.917,0.687,0.99481062639027,2,Emp3
7.20399753507191e-05,3.39781667176168,0.542,0.209,1,2,Pou2f2
7.4346142824021e-05,2.6349118101037,0.958,0.896,1,2,Apobec1
7.44802081532092e-05,2.47751057801131,0.542,0.187,1,2,Crip1
7.47100977186443e-05,3.53324867446743,0.708,0.358,1,2,Sh3kbp1
7.85086345746067e-05,3.55695646797202,0.792,0.53,1,2,Kctd12
8.10106257652577e-05,4.44317712276467,0.708,0.396,1,2,I830012O16Rik
8.15342362209386e-05,4.04529597598104,0.542,0.224,1,2,Rbfox1
8.67581181514348e-05,2.90004789583821,0.833,0.545,1,2,Psmb8
8.71878026827815e-05,3.66615753712407,0.708,0.373,1,2,Slfn5
8.80731820301338e-05,3.17261948256109,0.583,0.239,1,2,Plau
0.000101491531638365,3.83395932967507,0.75,0.448,1,2,Arrb1
0.000102134066563411,1.36127220290242,0.75,0.388,1,2,Wdr91
0.000105366755716145,0.761670957930004,1,1,1,2,Rpl31
0.000106950469696371,5.99838001677212,0.5,0.194,1,2,Mbp
0.000109824113946275,5.93523570255658,0.5,0.194,1,2,Tnip3
0.000112762907231532,1.73349122402415,0.708,0.41,1,2,Gng2
0.00011985129306738,2.0120776623136,0.958,0.978,1,2,Arpc1b
0.000122359375274757,2.94069537452298,0.875,0.769,1,2,Rab8b
0.000135182757838078,2.19821465311744,0.667,0.328,1,2,Ifi44
0.000138931962944648,1.94475080036665,0.542,0.224,1,2,Parvb
0.000159261913899987,1.48713877752896,0.708,0.358,1,2,Plcg2
0.000169814099185593,3.13519638668287,0.708,0.328,1,2,Dnajc12
0.000188609924710698,2.57290094814647,0.792,0.44,1,2,Ifit1
0.000189544263457616,0.948367183764915,1,1,1,2,Prdx1
0.000190896967291172,0.52307960735737,0.708,0.321,1,2,Vrk2
0.00019697067543842,2.70211460162828,1,0.993,1,2,Ctsb
0.000205112785927604,5.99930798309026,0.708,0.403,1,2,Bcl2l11
0.000221368775481846,1.93453992831404,0.958,0.888,1,2,Tpd52
0.000238963594614933,1.19396562374175,0.833,0.545,1,2,Prkcb
0.000241673430296088,2.96530652361067,0.708,0.41,1,2,Htatip2
0.000248164113384378,4.10671131481918,0.625,0.336,1,2,Oasl2
0.00026675363364024,3.70109527131387,0.542,0.216,1,2,Irf7
0.000275295609285172,1.93583221796435,0.792,0.545,1,2,Sema4d
0.000283484746767461,1.27566297924304,0.792,0.44,1,2,Myo7a
0.000285557990318902,1.90400286185515,0.667,0.328,1,2,Gch1
0.000318443942060219,1.89533880902933,0.833,0.649,1,2,Skap2
0.000323027001949488,1.49765899683123,0.75,0.433,1,2,Xaf1
0.000347131014655716,2.47926904527846,0.75,0.493,1,2,Atf3
0.000348674492826446,1.27628813676458,0.75,0.418,1,2,Capn1
0.000363668255630768,1.91417895961578,0.708,0.41,1,2,Tm6sf1
0.000380403334657125,1.42138353780544,1,1,1,2,Rpl7
0.000404738146674816,3.46497548142375,1,0.806,1,2,Ago1
0.000409411923291145,0.851883399739863,1,1,1,2,Rps24
0.000429949754030579,3.24816831431353,0.708,0.425,1,2,Trim30a
0.000440476500276344,0.825621002887866,1,0.993,1,2,Rpl35a
0.00044552446483833,3.00913487346076,0.917,0.896,1,2,Sepp1
0.000481389686098864,2.48871980437805,0.875,0.597,1,2,Wipf1
0.000482434982852909,1.75354107567324,0.917,0.776,1,2,Gltp
0.000508064812488088,1.95755479044162,0.542,0.239,1,2,Zfp784
0.000526083681413873,1.50873219412302,0.75,0.5,1,2,Elmo1
0.000544618724261515,1.349252306582,0.542,0.224,1,2,Ttc7
0.000557298661836004,1.73761931628147,1,1,1,2,Ftl1
0.000559758716001372,2.4412503590218,0.667,0.366,1,2,Bcl11a
0.000600568801010525,0.652560778267381,0.875,0.597,1,2,Snx24
0.000604704952076967,2.62756845988659,0.583,0.321,1,2,2010001M06Rik
0.00060805257478642,1.21031585417109,0.625,0.306,1,2,Plcl2
0.000626522118840358,2.43717539072559,0.958,0.843,1,2,Rgs2
0.000683699881569567,1.71938963370683,0.5,0.194,1,2,Pced1b
0.000753566729633199,1.21849044677853,0.583,0.276,1,2,Pwwp2b
0.000775234341784613,1.48749611289704,0.75,0.403,1,2,Ldlrap1
0.000787587654960038,3.18426993994199,0.583,0.291,1,2,Rsad2
0.000806340719700685,2.76870684251322,0.833,0.784,1,2,Plin2
0.000840798326860814,1.54286715897811,0.875,0.59,1,2,Tes
0.000855750579162577,1.69050472568422,0.875,0.761,1,2,Mef2c
0.000869608413925836,1.04020975463843,0.583,0.239,1,2,Tenm4
0.000877018296676937,2.37050052476245,0.75,0.56,1,2,Capg
0.000899524557754166,2.93949102338393,0.75,0.47,1,2,Colec12
0.000900314374648093,1.02974683003568,0.75,0.515,1,2,Rps4y2
0.000910997523645638,0.812407515027847,0.792,0.425,1,2,Cdt1
0.000924752879880496,1.58079897902186,0.5,0.201,1,2,Gata2
0.00100739200665073,0.917568267564017,0.5,0.866,1,2,D7Ertd715e
0.00100848116351316,2.21041772963707,0.583,0.254,1,2,Arhgap10
0.00101106147239029,1.37941908006137,0.958,0.925,1,2,Efhd2
0.00105883378468028,2.12277324842334,0.792,0.604,1,2,Parp14
0.00108340341977664,1.48564008468794,0.875,0.806,1,2,Cmtm3
0.00109069312907268,1.74512051237505,0.583,0.328,1,2,Tnfaip3
0.00109174125875002,1.84633451872388,0.542,0.269,1,2,Trp53i11
0.00110310246958446,1.15490847221928,0.75,0.485,1,2,Ppfibp2
0.00114081708407503,1.72846391690286,0.875,0.776,1,2,Ralb
0.00116466031312653,1.28391587036437,0.5,0.194,1,2,Shank3
0.00119426826113204,1.48446851639175,0.75,0.425,1,2,Ets2
0.00119732200418728,4.93144889282577,0.542,0.254,1,2,Akap14
0.00122027020962921,2.15847145663535,0.5,0.187,1,2,Satb2
0.0012861172241172,1.02044297728849,1,1,1,2,Pcbp1
0.00130197951323789,1.8888384921013,0.542,0.254,1,2,Slc7a7
0.00133418529180673,1.0912493335234,0.708,0.381,1,2,Slc25a45
0.00137579135874952,1.0930666206567,1,1,1,2,B2m
0.00140756332991526,1.23858138231379,0.708,0.433,1,2,Fam109a
0.00143108685166115,3.71854294664864,0.625,0.328,1,2,Tec
0.0014312923080024,1.41907616779908,0.958,0.918,1,2,Cat
0.0014382991438074,1.53641548106843,0.792,0.597,1,2,Ctsc
0.00144679331137213,0.74429797476522,1,1,1,2,Mir703
0.0014964053367135,0.564324591221195,0.708,0.918,1,2,Tspan9
0.00151065545143924,0.604063602724386,0.792,0.507,1,2,Tnfsf12
0.00154256272753207,0.912333796032548,0.958,0.858,1,2,Gsn
0.00155629020316621,1.9709830044285,0.917,0.813,1,2,H2-K1
0.00155943015350914,0.610296957320297,0.542,0.231,1,2,Cdc42ep2
0.00156340999124778,1.52287622932346,0.5,0.224,1,2,Psmb9
0.00159901855963549,1.06099870999265,1,0.985,1,2,Gabarapl2
0.00160273454181665,2.26858709270594,0.708,0.5,1,2,Gla
0.00162579398895812,0.767442003104968,1,0.993,1,2,Rps12
0.00170461735866498,1.14618515930901,0.917,0.657,1,2,Dhrs3
0.00170997605658396,0.593314181442661,0.75,0.433,1,2,Paqr7
0.00181776350940921,3.48475264575352,0.667,0.351,1,2,Trip13
0.00183933453672343,0.740866534246782,0.583,0.269,1,2,9130008F23Rik
0.00184047877243212,2.62271753444358,0.833,0.746,1,2,Ncoa3
0.00197707880880994,1.69411093661456,0.75,0.485,1,2,Prcp
0.00198979081285856,2.81592212852596,0.5,0.209,1,2,A730017L22Rik
0.00200740938830302,2.12107904028917,0.708,0.463,1,2,Irgm2
0.00219690500311282,1.35385310819406,0.5,0.239,1,2,Gab3
0.00219763462849117,0.67512496233868,0.625,0.888,1,2,Wwc1
0.0021997162848649,1.9554726329351,0.875,0.881,1,2,Map1lc3a
0.0022376052908918,1.3390020220076,0.542,0.239,1,2,Zfp239
0.00226826507442241,1.29618596170242,0.625,0.351,1,2,Il3ra
0.00234525663043792,1.32039131651203,0.958,0.933,1,2,Gas6
0.00234671806869584,1.45588783839162,0.958,0.948,1,2,Zmat2
0.0023520955481352,2.19527332068613,0.583,0.328,1,2,Nfkbie
0.002361511388236,1.68016066675218,0.917,0.791,1,2,Ltbr
0.00239593385627096,3.94474318069437,0.708,0.41,1,2,Klkb1
0.00244447967411843,0.961826834340586,1,1,1,2,Akr1a1
0.00246030728450706,1.92509513534307,0.792,0.657,1,2,Arap1
0.00250375595681126,0.959873541234288,0.958,0.978,1,2,Cstb
0.00250880214545729,1.74666012988927,0.75,0.537,1,2,Mns1
0.00252597254877706,2.09985709888087,0.625,0.448,1,2,Cntnap2
0.00256672181155567,1.97283757257118,0.583,0.336,1,2,Usp18
0.00257441165746665,3.54202684111201,0.625,0.358,1,2,Sh3pxd2a
0.00260600471117032,1.82485194553557,1,0.993,1,2,Cotl1
0.00267819815713968,1.6257256850759,0.708,0.418,1,2,Myo1b
0.00269429554375945,1.2189316106648,0.5,0.224,1,2,Tgfbi
0.00271709942247597,1.32409122414357,0.708,0.44,1,2,Ptk2b
0.00277715039366639,0.877453185674868,0.917,0.993,1,2,Dazap2
0.00280011101138874,0.677870798619857,0.5,0.216,1,2,Chtf18
0.0028057637549137,1.69808963130066,0.583,0.306,1,2,Paox
0.00282128783400303,1.79475998607399,0.667,0.336,1,2,Rnf125
0.00285181743277479,0.910922349362996,0.917,0.784,1,2,Ctsz
0.00285697126226391,1.81782930772166,0.792,0.828,1,2,H2-D1
0.00291233121738351,0.623741861468455,1,1,1,2,Rps23
0.00291767002406264,3.34009678025425,0.75,0.545,1,2,Plekho2
0.0029329389810248,1.18637889346694,0.917,0.776,1,2,Litaf
0.00296045032323344,1.85406450628864,0.75,0.418,1,2,Nanos1
0.00296090713302001,1.09330767154575,0.875,0.888,1,2,Osbpl8
0.00296779998245182,1.8841150381822,0.75,0.627,1,2,Nfkbib
0.00297986644092538,1.67373292130871,0.542,0.254,1,2,Tmem173
0.00305132936768946,1.69465463985323,0.875,0.784,1,2,Tusc2
0.00308913585522906,2.40200417838267,0.625,0.403,1,2,Rtp4
0.00320067877146525,1.04588506102761,1,1,1,2,Rpl39
0.00324472919953058,1.90432366902755,0.833,0.664,1,2,Cebpb
0.00325416647970212,2.03011634689204,0.625,0.351,1,2,Npl
0.00330567079990282,0.760622547827148,0.917,0.716,1,2,Prkcd
0.00339618656039938,0.809030817764074,0.708,0.448,1,2,Fancc
0.00340004917357263,0.68114556391548,0.708,0.485,1,2,Frmd4b
0.00340474665938925,1.10963232805337,0.792,0.575,1,2,Sh3bp5
0.00345752980660673,0.864974801324204,0.917,0.836,1,2,Mtx2
0.00350081942133422,1.48240712918179,0.958,0.896,1,2,Prr13
0.0035392458621551,1.97250743504488,0.958,0.828,1,2,Gusb
0.0035557235585151,1.96622997645406,0.792,0.515,1,2,Stk10
0.00356982361765229,0.659277279184634,1,0.993,1,2,Cox7a2l
0.00362621067517241,0.583684187217414,0.5,0.239,1,2,Cstad
0.00366700289651961,1.80603489704565,0.875,0.791,1,2,Mycbp
0.0036727377401514,1.10327832812543,0.917,0.918,1,2,Sbds
0.00368654767022802,1.46049761423988,0.875,0.851,1,2,Agap3
0.00379775836867748,0.927679949092506,1,0.993,1,2,Rpl36al
0.00398356131165784,2.39702902220978,0.75,0.463,1,2,Klhl8
0.00399589420213263,1.41641579743942,0.958,0.851,1,2,Ptbp3
0.00404778239086857,1.45850414204922,0.792,0.619,1,2,Cdk19
0.0041326775811094,1.29418073719581,0.667,0.396,1,2,Stat6
0.00420654963554945,0.594655629122073,0.792,0.47,1,2,Malt1
0.00424999182636877,1.31060277165798,0.667,0.418,1,2,Gpx3
0.0043213962883668,2.21508710474307,0.667,0.418,1,2,Gm8615
0.00432934942316797,0.69151837922266,0.792,0.53,1,2,Thap1
0.00446529216533851,1.95345679395638,0.917,0.724,1,2,Lgals3
0.00452228196996914,1.97670426648542,0.625,0.358,1,2,Nupr1
0.00453954256186569,1.68060859179362,0.5,0.216,1,2,Dcdc2a
0.00456673833415281,2.82546445577941,0.542,0.276,1,2,Immp2l
0.0045973446715032,0.796509365463444,0.917,0.873,1,2,Rnf2
0.00463221138730025,1.22345417386352,1,0.963,1,2,Vps26a
0.00463283536470802,1.23622263011132,1,1,1,2,Ctsd
0.00463931722526675,1.37572345251687,0.833,0.649,1,2,Foxn3
0.00469015635338208,1.12134592363666,0.625,0.396,1,2,Ccdc109b
0.00470349701922833,0.951119061341069,0.958,1,1,2,Rab1
0.0047672263237723,0.84378120713585,0.875,0.716,1,2,Mrps10
0.00479493044578114,1.13026272379449,0.75,0.47,1,2,Mylk
0.00479826425052163,4.46048563810856,0.542,0.336,1,2,Arg2
0.00487141868076984,0.608885052159215,0.792,0.5,1,2,Abca7
0.00487411433222045,0.724386027404929,0.75,0.537,1,2,Lacc1
0.00492137448772124,0.775937194663904,1,1,1,2,Npm1
0.00506771530573704,0.939421744760655,0.5,0.231,1,2,Rspo3
0.00508658685199761,0.990724614422605,0.833,0.649,1,2,Itpripl2
0.00509419879121088,1.53623470584826,0.625,0.381,1,2,Tradd
0.00538472466714196,1.24593119425255,1,1,1,2,Rap1b
0.0054037017946901,2.26723048822011,0.792,0.582,1,2,D10Wsu102e
0.00543128430041387,1.84857712410668,1,0.866,1,2,Mapkapk2
0.00546322042560615,2.67135285751798,0.75,0.739,1,2,H2-T23
0.00548419133708576,0.53121295041632,0.917,0.799,1,2,Slc43a2
0.00552098659822608,0.665654721392098,0.708,0.396,1,2,Adap1
0.00553551246020842,1.49394379379442,0.5,0.239,1,2,Myh7b
0.00557756987321984,1.23750486597101,0.667,0.396,1,2,Ifi30
0.00563086537871253,0.721292983829599,1,1,1,2,Rpl9
0.00597483396519734,1.31583560376068,1,1,1,2,Gnb1
0.00601218023810192,0.868962847226748,0.917,0.806,1,2,S100a4
0.00615382111350909,1.55934994462539,1,0.993,1,2,Rplp2
0.00635561898644069,1.50250911643883,0.667,0.358,1,2,Chn2
0.00640835303581829,2.20490068387751,0.625,0.366,1,2,Spryd4
0.00652634982106911,0.600397189426701,1,1,1,2,Arpc2
0.00677292560046227,1.19917398831336,0.625,0.358,1,2,Gm20748
0.00691903986574838,0.849948027929004,1,0.993,1,2,Rps10
0.00693192166803531,2.64130118987392,0.5,0.261,1,2,Serpinb1a
0.00705782103433616,0.95417861861854,0.5,0.261,1,2,Gm5595
0.00712306167208939,0.840015950698064,0.917,0.993,1,2,Cd151
0.00729933291634083,1.67251276648874,0.792,0.679,1,2,Syngr1
0.00745572401109466,1.84134802070968,1,0.828,1,2,Snrpd3
0.00773125716924004,3.12184988022957,0.792,0.754,1,2,Ggact
0.00782615173696649,1.08288970259111,0.5,0.254,1,2,Pnma2
0.00809632961405131,1.82196292732699,0.833,0.739,1,2,Vps54
0.00811065568462179,0.81705509950865,1,1,1,2,Cdc42
0.0083352047142002,1.14741730874025,0.875,0.94,1,2,Arl4c
0.00835013025963602,1.84830044314448,0.583,0.313,1,2,Gins1
0.00844333298723833,1.44253969953027,0.667,0.403,1,2,Bub1
0.00844920712608574,3.76799342433889,0.75,0.478,1,2,Cyth1
0.00846515029976245,1.32010285604541,0.583,0.351,1,2,Rabl3
0.00849146070778099,1.72547997515045,0.833,0.746,1,2,Chic2
0.00852787569148069,4.45718225393505,0.625,0.328,1,2,Trerf1
0.00865229907809686,2.82723049896379,0.875,0.776,1,2,Plekhf2
0.00871064255212297,0.80988936165534,1,0.993,1,2,Slc6a6
0.00878478400146708,1.97904087851592,0.833,0.731,1,2,Csf2ra
0.00883529428895109,0.938616970670216,1,1,1,2,Chchd2
0.00883529428895109,0.76560377315459,1,1,1,2,Rpl13a
0.00891109152994082,1.6050723051,0.917,0.881,1,2,Lipa
0.00891142004601421,1.9800742532509,0.833,0.731,1,2,Sh3pxd2b
0.00905319125861867,2.33675236602274,0.5,0.284,1,2,Rcsd1
0.00921833326432933,1.34295083183983,1,0.97,1,2,Taldo1
0.00935596936497894,2.32491427957807,0.625,0.388,1,2,Dusp19
0.00958082137354771,2.65977198774787,0.542,0.299,1,2,Rnf144b
0.00960835896760007,1.33975447559757,0.75,0.567,1,2,Spata13
0.00971330731682326,1.78729012422049,0.667,0.403,1,2,Lca5
0.00975338897323871,0.784969157048169,1,1,1,2,Rps20
0.00979055610954288,0.618609292354651,0.833,0.53,1,2,Wdr55
0.00979970338302871,0.611318174219803,0.667,0.448,1,2,Nagpa
0.00985165637708007,1.27718927636633,0.5,0.254,1,2,Mlkl
0.00991432941734046,2.27043028596684,0.875,0.724,1,2,Runx1
0.00992412316231074,1.04025842106655,0.583,0.321,1,2,A130010J15Rik
